Comuni,Sottosistemi territoriali,Località,COD_LOC 1991,SEZ 1991,TIPO_LOC,Loc_Den,PRO_COM,SEZ_POP,SEZ_CASE OCC,SEZ_CASE NON OCC,ALTITUDINE,NON OCC/TOT,occupate/TOT
Campodolcino (https://www.notion.so/Campodolcino-588bd69db74f48b5bac1cf06486a603f?pvs=21),Campodolcino (https://www.notion.so/Campodolcino-3fe0740b771541769895f26ad77588e7?pvs=21),"Bondeno di Fuori (https://www.notion.so/Bondeno-di-Fuori-fdca50b7aea047e5b0490aa347bf2abd?pvs=21), Bondeno di Dentro / Bondeno (https://www.notion.so/Bondeno-di-Dentro-Bondeno-7fb264d7b76147c2919a52c8814b204e?pvs=21)",140122001,140120000014,2,Bondeno,14012,0,0,29,1635,1,0
Campodolcino (https://www.notion.so/Campodolcino-588bd69db74f48b5bac1cf06486a603f?pvs=21),Campodolcino (https://www.notion.so/Campodolcino-3fe0740b771541769895f26ad77588e7?pvs=21),Gualdera (https://www.notion.so/Gualdera-704a93a7e90440baaece96f08014dd76?pvs=21),140122004,140120000013,2,Gualdera,14012,8,2,39,1425,0.951219512195,0.048780487805
Campodolcino (https://www.notion.so/Campodolcino-588bd69db74f48b5bac1cf06486a603f?pvs=21),Campodolcino (https://www.notion.so/Campodolcino-3fe0740b771541769895f26ad77588e7?pvs=21),Alpe Mottala (https://www.notion.so/Alpe-Mottala-6aaf46b7510e403699c81bcf0ce87bee?pvs=21),140122007,140120000012,2,Mottala,14012,0,0,25,1361,1,0
Campodolcino (https://www.notion.so/Campodolcino-588bd69db74f48b5bac1cf06486a603f?pvs=21),Campodolcino (https://www.notion.so/Campodolcino-3fe0740b771541769895f26ad77588e7?pvs=21),Campodolcino (https://www.notion.so/Campodolcino-e3ee37c7c7da48e09f77f9ba6472db9a?pvs=21),140123001,140120000027,3,Case sparse_zona centrale,14012,0,0,0,,,
Campodolcino (https://www.notion.so/Campodolcino-588bd69db74f48b5bac1cf06486a603f?pvs=21),Campodolcino (https://www.notion.so/Campodolcino-3fe0740b771541769895f26ad77588e7?pvs=21),Campodolcino (https://www.notion.so/Campodolcino-e3ee37c7c7da48e09f77f9ba6472db9a?pvs=21),140121001, ,1,Campodolcino,14012,587,215,868,1071,0.801477377655,0.198522622345
Chiavenna (https://www.notion.so/Chiavenna-0a208f1ee6334934bdcb6c582d9e2a15?pvs=21),Chiavenna (https://www.notion.so/Chiavenna-11c7c49d99b1804a9920f26be4637c2b?pvs=21),Chiavenna (https://www.notion.so/Chiavenna-91234617eccd474aae4338f5c71427b8?pvs=21),140181001,140180000002,1,Chiavenna,14018,414,167,33,333,0.165,0.835
Chiavenna (https://www.notion.so/Chiavenna-0a208f1ee6334934bdcb6c582d9e2a15?pvs=21),Chiavenna (https://www.notion.so/Chiavenna-11c7c49d99b1804a9920f26be4637c2b?pvs=21),Chiavenna (https://www.notion.so/Chiavenna-91234617eccd474aae4338f5c71427b8?pvs=21),140181001,140180000003,1,Chiavenna,14018,373,166,91,333,0.354085603113,0.645914396887
Chiavenna (https://www.notion.so/Chiavenna-0a208f1ee6334934bdcb6c582d9e2a15?pvs=21),Chiavenna (https://www.notion.so/Chiavenna-11c7c49d99b1804a9920f26be4637c2b?pvs=21),Chiavenna (https://www.notion.so/Chiavenna-91234617eccd474aae4338f5c71427b8?pvs=21),140181001,140180000004,1,Chiavenna,14018,539,201,43,333,0.176229508197,0.823770491803
Chiavenna (https://www.notion.so/Chiavenna-0a208f1ee6334934bdcb6c582d9e2a15?pvs=21),Chiavenna (https://www.notion.so/Chiavenna-11c7c49d99b1804a9920f26be4637c2b?pvs=21),Chiavenna (https://www.notion.so/Chiavenna-91234617eccd474aae4338f5c71427b8?pvs=21),140181001,140180000005,1,Chiavenna,14018,547,189,50,333,0.209205020921,0.790794979079
Chiavenna (https://www.notion.so/Chiavenna-0a208f1ee6334934bdcb6c582d9e2a15?pvs=21),Chiavenna (https://www.notion.so/Chiavenna-11c7c49d99b1804a9920f26be4637c2b?pvs=21),Chiavenna (https://www.notion.so/Chiavenna-91234617eccd474aae4338f5c71427b8?pvs=21),140181001,140180000006,1,Chiavenna,14018,684,246,16,333,0.06106870229,0.93893129771
Chiavenna (https://www.notion.so/Chiavenna-0a208f1ee6334934bdcb6c582d9e2a15?pvs=21),Chiavenna (https://www.notion.so/Chiavenna-11c7c49d99b1804a9920f26be4637c2b?pvs=21),Chiavenna (https://www.notion.so/Chiavenna-91234617eccd474aae4338f5c71427b8?pvs=21),140181001,140180000007,1,Chiavenna,14018,621,225,62,333,0.216027874564,0.783972125436
Chiavenna (https://www.notion.so/Chiavenna-0a208f1ee6334934bdcb6c582d9e2a15?pvs=21),Chiavenna (https://www.notion.so/Chiavenna-11c7c49d99b1804a9920f26be4637c2b?pvs=21),Chiavenna (https://www.notion.so/Chiavenna-91234617eccd474aae4338f5c71427b8?pvs=21),140181001,140180000008,1,Chiavenna,14018,498,185,20,333,0.09756097561,0.90243902439
Chiavenna (https://www.notion.so/Chiavenna-0a208f1ee6334934bdcb6c582d9e2a15?pvs=21),Chiavenna (https://www.notion.so/Chiavenna-11c7c49d99b1804a9920f26be4637c2b?pvs=21),Chiavenna (https://www.notion.so/Chiavenna-91234617eccd474aae4338f5c71427b8?pvs=21),140181001,140180000009,1,Chiavenna,14018,688,202,44,333,0.178861788618,0.821138211382
Chiavenna (https://www.notion.so/Chiavenna-0a208f1ee6334934bdcb6c582d9e2a15?pvs=21),Chiavenna (https://www.notion.so/Chiavenna-11c7c49d99b1804a9920f26be4637c2b?pvs=21),Chiavenna (https://www.notion.so/Chiavenna-91234617eccd474aae4338f5c71427b8?pvs=21),140181001,140180000010,1,Chiavenna,14018,514,184,30,333,0.140186915888,0.859813084112
Chiavenna (https://www.notion.so/Chiavenna-0a208f1ee6334934bdcb6c582d9e2a15?pvs=21),Chiavenna (https://www.notion.so/Chiavenna-11c7c49d99b1804a9920f26be4637c2b?pvs=21),Chiavenna (https://www.notion.so/Chiavenna-91234617eccd474aae4338f5c71427b8?pvs=21),140181001,140180000011,1,Chiavenna,14018,417,148,25,333,0.14450867052,0.85549132948
Chiavenna (https://www.notion.so/Chiavenna-0a208f1ee6334934bdcb6c582d9e2a15?pvs=21),Chiavenna (https://www.notion.so/Chiavenna-11c7c49d99b1804a9920f26be4637c2b?pvs=21),Chiavenna (https://www.notion.so/Chiavenna-91234617eccd474aae4338f5c71427b8?pvs=21),140181001,140180000012,1,Chiavenna,14018,509,173,35,333,0.168269230769,0.831730769231
Chiavenna (https://www.notion.so/Chiavenna-0a208f1ee6334934bdcb6c582d9e2a15?pvs=21),Chiavenna (https://www.notion.so/Chiavenna-11c7c49d99b1804a9920f26be4637c2b?pvs=21),Chiavenna (https://www.notion.so/Chiavenna-91234617eccd474aae4338f5c71427b8?pvs=21),140181001,140180000013,1,Chiavenna,14018,577,204,22,333,0.097345132743,0.902654867257
Chiavenna (https://www.notion.so/Chiavenna-0a208f1ee6334934bdcb6c582d9e2a15?pvs=21),Chiavenna (https://www.notion.so/Chiavenna-11c7c49d99b1804a9920f26be4637c2b?pvs=21),Pianazzola (https://www.notion.so/Pianazzola-85917f662d144548bab106a8a850fcfe?pvs=21),140181002,140180000014,1,Pianazzola,14018,85,31,32,635,0.507936507937,0.492063492063
Chiavenna (https://www.notion.so/Chiavenna-0a208f1ee6334934bdcb6c582d9e2a15?pvs=21),Chiavenna (https://www.notion.so/Chiavenna-11c7c49d99b1804a9920f26be4637c2b?pvs=21),S Carlo (https://www.notion.so/S-Carlo-a8fef79ca98748b4a521194463ce8495?pvs=21),140182002,140180000015,2,San Carlo,14018,225,79,18,402,0.185567010309,0.814432989691
Chiavenna (https://www.notion.so/Chiavenna-0a208f1ee6334934bdcb6c582d9e2a15?pvs=21),Chiavenna (https://www.notion.so/Chiavenna-11c7c49d99b1804a9920f26be4637c2b?pvs=21),Campedello (https://www.notion.so/Campedello-883567e172c54eee90dc73b411f3d19d?pvs=21),140182001,140180000016,2,Campedello,14018,185,70,14,403,0.166666666667,0.833333333333
Chiavenna (https://www.notion.so/Chiavenna-0a208f1ee6334934bdcb6c582d9e2a15?pvs=21),Chiavenna (https://www.notion.so/Chiavenna-11c7c49d99b1804a9920f26be4637c2b?pvs=21),,140183001,140180000017,3,Case sparse,14018,3,2,35,,0.945945945946,0.054054054054
Chiavenna (https://www.notion.so/Chiavenna-0a208f1ee6334934bdcb6c582d9e2a15?pvs=21),Chiavenna (https://www.notion.so/Chiavenna-11c7c49d99b1804a9920f26be4637c2b?pvs=21),,140183002,140180000018,3,Case sparse,14018,0,0,0,,,
Chiavenna (https://www.notion.so/Chiavenna-0a208f1ee6334934bdcb6c582d9e2a15?pvs=21),Chiavenna (https://www.notion.so/Chiavenna-11c7c49d99b1804a9920f26be4637c2b?pvs=21),,140183001,140180000019,3,Case sparse,14018,0,0,0,,,
Chiavenna (https://www.notion.so/Chiavenna-0a208f1ee6334934bdcb6c582d9e2a15?pvs=21),Chiavenna (https://www.notion.so/Chiavenna-11c7c49d99b1804a9920f26be4637c2b?pvs=21),Chiavenna (https://www.notion.so/Chiavenna-91234617eccd474aae4338f5c71427b8?pvs=21),140181001,140180000001,1,Chiavenna,14018,486,202,78,333,0.278571428571,0.721428571429
Campodolcino (https://www.notion.so/Campodolcino-588bd69db74f48b5bac1cf06486a603f?pvs=21),Fraciscio (https://www.notion.so/Fraciscio-31b6116ab8d74f17876c6b10d56ea92f?pvs=21),Fraciscio (https://www.notion.so/Fraciscio-592929440fdd42e6a321f27ae9826033?pvs=21),140123003,140120000026,3,Case sparse_zona fraciscio,14012,0,0,0,,,
Campodolcino (https://www.notion.so/Campodolcino-588bd69db74f48b5bac1cf06486a603f?pvs=21),Fraciscio (https://www.notion.so/Fraciscio-31b6116ab8d74f17876c6b10d56ea92f?pvs=21),Fraciscio (https://www.notion.so/Fraciscio-592929440fdd42e6a321f27ae9826033?pvs=21),140121002,140120000007,1,Fraciscio,14012,164,54,247,1341,0.820598006645,0.179401993355
Gordona (https://www.notion.so/Gordona-232ecdffea2843e88b7b8424258e707f?pvs=21),Gordona (https://www.notion.so/Gordona-11c7c49d99b180bebff2c2e5fbb5dd5e?pvs=21),,140323002,140320000007,3,Case sparse,14032,0,0,0,,,
Gordona (https://www.notion.so/Gordona-232ecdffea2843e88b7b8424258e707f?pvs=21),Gordona (https://www.notion.so/Gordona-11c7c49d99b180bebff2c2e5fbb5dd5e?pvs=21),,140323001,140320000006,3,Case sparse,14032,24,5,0,,0,1
Gordona (https://www.notion.so/Gordona-232ecdffea2843e88b7b8424258e707f?pvs=21),Gordona (https://www.notion.so/Gordona-11c7c49d99b180bebff2c2e5fbb5dd5e?pvs=21),Mondadizza (https://www.notion.so/Mondadizza-d668b371b3514a878ed77475e361b535?pvs=21),140322001,140320000005,2,Mondadizza,14032,91,33,2,290,0.057142857143,0.942857142857
Gordona (https://www.notion.so/Gordona-232ecdffea2843e88b7b8424258e707f?pvs=21),Gordona (https://www.notion.so/Gordona-11c7c49d99b180bebff2c2e5fbb5dd5e?pvs=21),,140323001,140320000004,3,Case sparse,14032,3,1,0,,0,1
Gordona (https://www.notion.so/Gordona-232ecdffea2843e88b7b8424258e707f?pvs=21),Gordona (https://www.notion.so/Gordona-11c7c49d99b180bebff2c2e5fbb5dd5e?pvs=21),Coloredo (https://www.notion.so/Coloredo-8e6c92d1faf04f71961915a44a12a8d3?pvs=21),140321001,140320000003,1,Coloredo,14032,258,98,9,329,0.084112149533,0.915887850467
Gordona (https://www.notion.so/Gordona-232ecdffea2843e88b7b8424258e707f?pvs=21),Gordona (https://www.notion.so/Gordona-11c7c49d99b180bebff2c2e5fbb5dd5e?pvs=21),Gordona (https://www.notion.so/Gordona-7eac82b76f2a46278918bbbdff80299b?pvs=21),140321002,140320000002,1,Gordona,14032,493,171,17,283,0.090425531915,0.909574468085
Gordona (https://www.notion.so/Gordona-232ecdffea2843e88b7b8424258e707f?pvs=21),Gordona (https://www.notion.so/Gordona-11c7c49d99b180bebff2c2e5fbb5dd5e?pvs=21),Gordona (https://www.notion.so/Gordona-7eac82b76f2a46278918bbbdff80299b?pvs=21),140321002,140320000001,1,Gordona,14032,768,268,23,283,0.079037800687,0.920962199313
Madesimo (https://www.notion.so/Madesimo-965dae81402942d184e9b9538c72a266?pvs=21),Isola (https://www.notion.so/Isola-e75fd7d7fa144606849e2486d9a741fe?pvs=21),Alpe Porteglia (https://www.notion.so/Alpe-Porteglia-11b7c49d99b1802abe40de74100ac9bd?pvs=21),140353001, ,3,Alpe Porteglia,14035,0,0,19,,1,0
Madesimo (https://www.notion.so/Madesimo-965dae81402942d184e9b9538c72a266?pvs=21),Isola (https://www.notion.so/Isola-e75fd7d7fa144606849e2486d9a741fe?pvs=21),Valle Dentro / Borzi (https://www.notion.so/Valle-Dentro-Borzi-2b1ffb09ad564db5878372dad7760704?pvs=21),140353001,140350000041,3,Case sparse_Valle Dentro / Borzi,14035,0,0,4,,1,0
Madesimo (https://www.notion.so/Madesimo-965dae81402942d184e9b9538c72a266?pvs=21),Isola (https://www.notion.so/Isola-e75fd7d7fa144606849e2486d9a741fe?pvs=21),Alpe Borghetto (https://www.notion.so/Alpe-Borghetto-3099ec0fc4964acba7c95654992408c6?pvs=21),140352001,140350000040,2,Borghetto,14035,0,0,17,1895,1,0
Madesimo (https://www.notion.so/Madesimo-965dae81402942d184e9b9538c72a266?pvs=21),Isola (https://www.notion.so/Isola-e75fd7d7fa144606849e2486d9a741fe?pvs=21),Alpe Piani (https://www.notion.so/Alpe-Piani-a2c23c875ba34405852ff29f3286d6e1?pvs=21),140353001,140350000039,3,Case sparse_Malga Piani,14035,0,0,2,,1,0
Madesimo (https://www.notion.so/Madesimo-965dae81402942d184e9b9538c72a266?pvs=21),Isola (https://www.notion.so/Isola-e75fd7d7fa144606849e2486d9a741fe?pvs=21),Alpe Bocci (https://www.notion.so/Alpe-Bocci-0b20ce1e70574573a9cc1c9f005f0265?pvs=21),140353001,140350000038,3,Case sparse_Al Bocc,14035,0,0,2,,1,0
Madesimo (https://www.notion.so/Madesimo-965dae81402942d184e9b9538c72a266?pvs=21),Isola (https://www.notion.so/Isola-e75fd7d7fa144606849e2486d9a741fe?pvs=21),Valle (https://www.notion.so/Valle-efe4996cc7784c8794a71da4d4d52653?pvs=21),140353001,140350000035,3,Case sparse_Valle,14035,0,0,7,,1,0
Madesimo (https://www.notion.so/Madesimo-965dae81402942d184e9b9538c72a266?pvs=21),Isola (https://www.notion.so/Isola-e75fd7d7fa144606849e2486d9a741fe?pvs=21),Stabisotto (https://www.notion.so/Stabisotto-10a7c49d99b180d5852af96995a39531?pvs=21),140353001,140350000034,3,Case sparse_Stabisotto,14035,0,0,11,,1,0
Madesimo (https://www.notion.so/Madesimo-965dae81402942d184e9b9538c72a266?pvs=21),Isola (https://www.notion.so/Isola-e75fd7d7fa144606849e2486d9a741fe?pvs=21),Ca Raseri (https://www.notion.so/Ca-Raseri-2e87254718ed46b590b999d44776dfe8?pvs=21),140353001,140350000033,3,Case sparse_Ca Reseri,14035,0,0,10,,1,0
Madesimo (https://www.notion.so/Madesimo-965dae81402942d184e9b9538c72a266?pvs=21),Isola (https://www.notion.so/Isola-e75fd7d7fa144606849e2486d9a741fe?pvs=21),Ganda (https://www.notion.so/Ganda-abaf7283808c468dbc8e04eb01930dd9?pvs=21),140353001,140350000029,3,Case sparse_Ganda,14035,0,0,5,,1,0
Madesimo (https://www.notion.so/Madesimo-965dae81402942d184e9b9538c72a266?pvs=21),Isola (https://www.notion.so/Isola-e75fd7d7fa144606849e2486d9a741fe?pvs=21),Canto (https://www.notion.so/Canto-cc2cebc5d6ae4acf82c5c95eb52ed455?pvs=21),140353001,140350000028,3,Case sparse_Canto,14035,0,0,5,,1,0
Madesimo (https://www.notion.so/Madesimo-965dae81402942d184e9b9538c72a266?pvs=21),Isola (https://www.notion.so/Isola-e75fd7d7fa144606849e2486d9a741fe?pvs=21),Mottaletta (https://www.notion.so/Mottaletta-120a84cff7be43d7b1f4536e6ceaa14b?pvs=21),140352008,140350000026,2,Mottaletta,14035,4,1,30,1342,0.967741935484,0.032258064516
Madesimo (https://www.notion.so/Madesimo-965dae81402942d184e9b9538c72a266?pvs=21),Isola (https://www.notion.so/Isola-e75fd7d7fa144606849e2486d9a741fe?pvs=21),Isola (https://www.notion.so/Isola-59cbc18aa9b1402fb2a0ba148ceaf494?pvs=21),140353003,140350000045,3,Case sparse_zona sx,14035,0,0,0,,,
Madesimo (https://www.notion.so/Madesimo-965dae81402942d184e9b9538c72a266?pvs=21),Isola (https://www.notion.so/Isola-e75fd7d7fa144606849e2486d9a741fe?pvs=21),Isola (https://www.notion.so/Isola-59cbc18aa9b1402fb2a0ba148ceaf494?pvs=21),140351001,140350000025,1,Isola,14035,62,22,120,1268,0.845070422535,0.154929577465
San Giacomo Filippo (https://www.notion.so/San-Giacomo-Filippo-4442b9bbbf894587be85a28aa25c1e2c?pvs=21),Lirone/Gallivaggio (https://www.notion.so/Lirone-Gallivaggio-74919d941e124f1b93ad293980a67d4f?pvs=21),Avero (https://www.notion.so/Avero-6ac0d7eb6d704243bf67b7abf1acc158?pvs=21),140582001,140580000013,2,Avero,14058,0,0,24,1680,1,0
San Giacomo Filippo (https://www.notion.so/San-Giacomo-Filippo-4442b9bbbf894587be85a28aa25c1e2c?pvs=21),Lirone/Gallivaggio (https://www.notion.so/Lirone-Gallivaggio-74919d941e124f1b93ad293980a67d4f?pvs=21),Lirone (https://www.notion.so/Lirone-2bc1895b4a674102a583d2e05d0e4aee?pvs=21),140581001,140580000004,1,Lirone,14058,29,13,34,852,0.723404255319,0.276595744681
San Giacomo Filippo (https://www.notion.so/San-Giacomo-Filippo-4442b9bbbf894587be85a28aa25c1e2c?pvs=21),Lirone/Gallivaggio (https://www.notion.so/Lirone-Gallivaggio-74919d941e124f1b93ad293980a67d4f?pvs=21),Cimaganda (https://www.notion.so/Cimaganda-a9e3372981be41cfaa06794a6d829b92?pvs=21),140582003,140580000005,2,Cimaganda,14058,29,15,38,915,0.716981132075,0.283018867925
San Giacomo Filippo (https://www.notion.so/San-Giacomo-Filippo-4442b9bbbf894587be85a28aa25c1e2c?pvs=21),Lirone/Gallivaggio (https://www.notion.so/Lirone-Gallivaggio-74919d941e124f1b93ad293980a67d4f?pvs=21),Gallivaggio (https://www.notion.so/Gallivaggio-18a72f5d334648b5b3fc1178ff421adc?pvs=21),140582005,140580000003,2,Gallivaggio,14058,24,9,12,796,0.571428571429,0.428571428571
Madesimo (https://www.notion.so/Madesimo-965dae81402942d184e9b9538c72a266?pvs=21),Madesimo (https://www.notion.so/Madesimo-148216101dc048a7a38cad70d4a4a2a4?pvs=21),Madesimo (https://www.notion.so/Madesimo-bff04dff85a54650aa7bf9b910f8f0d7?pvs=21),140353004,140350000046,3,Case sparse_zona dx,14035,0,0,0,,,
Madesimo (https://www.notion.so/Madesimo-965dae81402942d184e9b9538c72a266?pvs=21),Madesimo (https://www.notion.so/Madesimo-148216101dc048a7a38cad70d4a4a2a4?pvs=21),Zerbi (https://www.notion.so/Zerbi-b9b7b60276ad49b5bb70b4bd850571d7?pvs=21),140352019,140350000015,2,Zerbi,14035,0,0,35,1600,1,0
Madesimo (https://www.notion.so/Madesimo-965dae81402942d184e9b9538c72a266?pvs=21),Madesimo (https://www.notion.so/Madesimo-148216101dc048a7a38cad70d4a4a2a4?pvs=21),Pianello (https://www.notion.so/Pianello-8c555b306e254226a8984980f7d8ed14?pvs=21),140352010,140350000016,2,Pianello,14035,0,0,30,1763,1,0
Madesimo (https://www.notion.so/Madesimo-965dae81402942d184e9b9538c72a266?pvs=21),Madesimo (https://www.notion.so/Madesimo-148216101dc048a7a38cad70d4a4a2a4?pvs=21),Alpe Forcelli (https://www.notion.so/Alpe-Forcelli-792bdad2d57448059bf21a12def139ca?pvs=21),140352004,140350000014,2,Casone,14035,1,1,62,1617,0.984126984127,0.015873015873
Madesimo (https://www.notion.so/Madesimo-965dae81402942d184e9b9538c72a266?pvs=21),Madesimo (https://www.notion.so/Madesimo-148216101dc048a7a38cad70d4a4a2a4?pvs=21),Alpe Groppera (https://www.notion.so/Alpe-Groppera-2df02097f9ee456ab1df4504ec71e6c6?pvs=21),140352006,140350000017,2,Groppera,14035,0,0,35,1900,1,0
Madesimo (https://www.notion.so/Madesimo-965dae81402942d184e9b9538c72a266?pvs=21),Madesimo (https://www.notion.so/Madesimo-148216101dc048a7a38cad70d4a4a2a4?pvs=21),Alpe Suretta (https://www.notion.so/Alpe-Suretta-80e0369b44804978b84db9f8e62732d5?pvs=21),140353001,140350000002,3,Case sparse_Alpe Suretta,14035,0,0,10,,1,0
Madesimo (https://www.notion.so/Madesimo-965dae81402942d184e9b9538c72a266?pvs=21),Madesimo (https://www.notion.so/Madesimo-148216101dc048a7a38cad70d4a4a2a4?pvs=21),Alpe Maccolini (https://www.notion.so/Alpe-Maccolini-a9a37fceff0b4004a8bba93ee6150b31?pvs=21),140352007,140350000013,2,Macolini,14035,0,0,31,1671,1,0
Madesimo (https://www.notion.so/Madesimo-965dae81402942d184e9b9538c72a266?pvs=21),Madesimo (https://www.notion.so/Madesimo-148216101dc048a7a38cad70d4a4a2a4?pvs=21),Madesimo (https://www.notion.so/Madesimo-bff04dff85a54650aa7bf9b910f8f0d7?pvs=21),140351002, ,1,Madesimo,14035,460,163,1953,1560,0.922967863894,0.077032136106
Madesimo (https://www.notion.so/Madesimo-965dae81402942d184e9b9538c72a266?pvs=21),Madesimo (https://www.notion.so/Madesimo-148216101dc048a7a38cad70d4a4a2a4?pvs=21),Montespluga (https://www.notion.so/Montespluga-1091553a26e74c3680def1aebced948d?pvs=21),140351003,140350000001,1,Montespluga,14035,6,3,84,1908,0.965517241379,0.034482758621
Madesimo (https://www.notion.so/Madesimo-965dae81402942d184e9b9538c72a266?pvs=21),Madesimo (https://www.notion.so/Madesimo-148216101dc048a7a38cad70d4a4a2a4?pvs=21),Madesimo (https://www.notion.so/Madesimo-bff04dff85a54650aa7bf9b910f8f0d7?pvs=21),140353002,140350000044,3,Case sparse_zona lago spluga,14035,0,0,0,,,
Menarola (https://www.notion.so/Menarola-94123965fee94a9bad19784a7697d724?pvs=21),Menarola (https://www.notion.so/Menarola-11c7c49d99b1805fa8a7f396c7e79f7b?pvs=21),,140423002,140420000008,,14042,,0,0,,,,
Menarola (https://www.notion.so/Menarola-94123965fee94a9bad19784a7697d724?pvs=21),Menarola (https://www.notion.so/Menarola-11c7c49d99b1805fa8a7f396c7e79f7b?pvs=21),,140423001,140420000007,,14042,,0,13,,,0,1
Menarola (https://www.notion.so/Menarola-94123965fee94a9bad19784a7697d724?pvs=21),Menarola (https://www.notion.so/Menarola-11c7c49d99b1805fa8a7f396c7e79f7b?pvs=21),,140422003,140420000006,,14042,,0,31,1057,,0.971507352941,0.028492647059
Menarola (https://www.notion.so/Menarola-94123965fee94a9bad19784a7697d724?pvs=21),Menarola (https://www.notion.so/Menarola-11c7c49d99b1805fa8a7f396c7e79f7b?pvs=21),,140422002,140420000005,,14042,,3,45,942,,0.954407294833,0.045592705167
Menarola (https://www.notion.so/Menarola-94123965fee94a9bad19784a7697d724?pvs=21),Menarola (https://www.notion.so/Menarola-11c7c49d99b1805fa8a7f396c7e79f7b?pvs=21),,140423001,140420000004,,14042,,4,12,,,0,1
Menarola (https://www.notion.so/Menarola-94123965fee94a9bad19784a7697d724?pvs=21),Menarola (https://www.notion.so/Menarola-11c7c49d99b1805fa8a7f396c7e79f7b?pvs=21),,140422001,140420000003,,14042,,9,5,425,,0.988372093023,0.011627906977
Menarola (https://www.notion.so/Menarola-94123965fee94a9bad19784a7697d724?pvs=21),Menarola (https://www.notion.so/Menarola-11c7c49d99b1805fa8a7f396c7e79f7b?pvs=21),,140423001,140420000002,,14042,,4,12,,,0,1
Menarola (https://www.notion.so/Menarola-94123965fee94a9bad19784a7697d724?pvs=21),Menarola (https://www.notion.so/Menarola-11c7c49d99b1805fa8a7f396c7e79f7b?pvs=21),,140421001,140420000001,,14042,,7,6,720,,0.99173553719,0.00826446281
Mese (https://www.notion.so/Mese-cc7fcc078e394bc895bd367f637beb3d?pvs=21),Mese (https://www.notion.so/Mese-11c7c49d99b180cd9ed8fcce3a12175a?pvs=21),S Vittore (https://www.notion.so/S-Vittore-bbf1216657274b71aa1b7c1c0eb85377?pvs=21),140431001,140430000002,1,San Vittore,14043,532,175,19,274,0.09793814433,0.90206185567
Mese (https://www.notion.so/Mese-cc7fcc078e394bc895bd367f637beb3d?pvs=21),Mese (https://www.notion.so/Mese-11c7c49d99b180cd9ed8fcce3a12175a?pvs=21),,140433001,140430000003,3,Case sparse,14043,7,4,3,,0.428571428571,0.571428571429
Mese (https://www.notion.so/Mese-cc7fcc078e394bc895bd367f637beb3d?pvs=21),Mese (https://www.notion.so/Mese-11c7c49d99b180cd9ed8fcce3a12175a?pvs=21),,140433001,140430000004,3,Case sparse,14043,27,12,33,,0.733333333333,0.266666666667
Mese (https://www.notion.so/Mese-cc7fcc078e394bc895bd367f637beb3d?pvs=21),Mese (https://www.notion.so/Mese-11c7c49d99b180cd9ed8fcce3a12175a?pvs=21),S Vittore (https://www.notion.so/S-Vittore-bbf1216657274b71aa1b7c1c0eb85377?pvs=21),140431001,140430000001,1,San Vittore,14043,877,271,71,274,0.207602339181,0.792397660819
Campodolcino (https://www.notion.so/Campodolcino-588bd69db74f48b5bac1cf06486a603f?pvs=21),Motta (https://www.notion.so/Motta-11b7c49d99b1807b8945e85b66fa4cad?pvs=21),Alpe Motta (https://www.notion.so/Alpe-Motta-9e4d782b149e4d8dad237e7ecc2cdb64?pvs=21),140123001,140120000015,3,Case sparse_Motta di Sopra,14012,0,0,0,,,
Campodolcino (https://www.notion.so/Campodolcino-588bd69db74f48b5bac1cf06486a603f?pvs=21),Motta (https://www.notion.so/Motta-11b7c49d99b1807b8945e85b66fa4cad?pvs=21),Motta di Sotto / Marcadello (https://www.notion.so/Motta-di-Sotto-Marcadello-f5272861d33c47269c5fb3328fbc1bf5?pvs=21),140121003,140120000011,1,Motta di Sotto,14012,48,15,131,1725,0.897260273973,0.102739726027
Novate Mezzola (https://www.notion.so/Novate-Mezzola-a2b352fb0d07487cb22ffad258c4e766?pvs=21),Novate (https://www.notion.so/Novate-11c7c49d99b180eead97dde5ee1a4266?pvs=21),,140463001,140460000016,3,Case sparse,14046,0,0,0,,,
Novate Mezzola (https://www.notion.so/Novate-Mezzola-a2b352fb0d07487cb22ffad258c4e766?pvs=21),Novate (https://www.notion.so/Novate-11c7c49d99b180eead97dde5ee1a4266?pvs=21),,140463003,140460000015,3,Case sparse,14046,0,0,0,,,
Novate Mezzola (https://www.notion.so/Novate-Mezzola-a2b352fb0d07487cb22ffad258c4e766?pvs=21),Novate (https://www.notion.so/Novate-11c7c49d99b180eead97dde5ee1a4266?pvs=21),,140463002,140460000014,3,Case sparse,14046,0,0,0,,,
Novate Mezzola (https://www.notion.so/Novate-Mezzola-a2b352fb0d07487cb22ffad258c4e766?pvs=21),Novate (https://www.notion.so/Novate-11c7c49d99b180eead97dde5ee1a4266?pvs=21),Campo (https://www.notion.so/Campo-292fe400af754ec19e8f8c1192e2e79f?pvs=21),140461001,140460000013,1,Campo,14046,493,178,49,207,0.215859030837,0.784140969163
Novate Mezzola (https://www.notion.so/Novate-Mezzola-a2b352fb0d07487cb22ffad258c4e766?pvs=21),Novate (https://www.notion.so/Novate-11c7c49d99b180eead97dde5ee1a4266?pvs=21),S Giorgio (https://www.notion.so/S-Giorgio-24ad6abfdf514f6ba71073cd042bce25?pvs=21),140462003,140460000012,2,San Giorgio,14046,0,0,44,748,1,0
Novate Mezzola (https://www.notion.so/Novate-Mezzola-a2b352fb0d07487cb22ffad258c4e766?pvs=21),Novate (https://www.notion.so/Novate-11c7c49d99b180eead97dde5ee1a4266?pvs=21),,140463001,140460000011,3,Case sparse,14046,0,0,16,,1,0
Novate Mezzola (https://www.notion.so/Novate-Mezzola-a2b352fb0d07487cb22ffad258c4e766?pvs=21),Novate (https://www.notion.so/Novate-11c7c49d99b180eead97dde5ee1a4266?pvs=21),,140463001,140460000010,3,Case sparse,14046,3,2,13,,0.866666666667,0.133333333333
Novate Mezzola (https://www.notion.so/Novate-Mezzola-a2b352fb0d07487cb22ffad258c4e766?pvs=21),Novate (https://www.notion.so/Novate-11c7c49d99b180eead97dde5ee1a4266?pvs=21),,140463001,140460000009,3,Case sparse,14046,0,0,13,,1,0
Novate Mezzola (https://www.notion.so/Novate-Mezzola-a2b352fb0d07487cb22ffad258c4e766?pvs=21),Novate (https://www.notion.so/Novate-11c7c49d99b180eead97dde5ee1a4266?pvs=21),,140462001,140460000008,2,Bresciadega,14046,0,0,57,1214,1,0
Novate Mezzola (https://www.notion.so/Novate-Mezzola-a2b352fb0d07487cb22ffad258c4e766?pvs=21),Novate (https://www.notion.so/Novate-11c7c49d99b180eead97dde5ee1a4266?pvs=21),,140463001,140460000007,3,Case sparse,14046,0,0,3,,1,0
Novate Mezzola (https://www.notion.so/Novate-Mezzola-a2b352fb0d07487cb22ffad258c4e766?pvs=21),Novate (https://www.notion.so/Novate-11c7c49d99b180eead97dde5ee1a4266?pvs=21),,140463001,140460000006,3,Case sparse,14046,0,0,6,,1,0
Novate Mezzola (https://www.notion.so/Novate-Mezzola-a2b352fb0d07487cb22ffad258c4e766?pvs=21),Novate (https://www.notion.so/Novate-11c7c49d99b180eead97dde5ee1a4266?pvs=21),,140463001,140460000005,3,Case sparse,14046,0,0,4,,1,0
Novate Mezzola (https://www.notion.so/Novate-Mezzola-a2b352fb0d07487cb22ffad258c4e766?pvs=21),Novate (https://www.notion.so/Novate-11c7c49d99b180eead97dde5ee1a4266?pvs=21),Codera (https://www.notion.so/Codera-e98e4da4ce914a1ba920b54e87a90c20?pvs=21),140462002,140460000004,2,Codera,14046,13,9,92,825,0.910891089109,0.089108910891
Novate Mezzola (https://www.notion.so/Novate-Mezzola-a2b352fb0d07487cb22ffad258c4e766?pvs=21),Novate (https://www.notion.so/Novate-11c7c49d99b180eead97dde5ee1a4266?pvs=21),,140463001,140460000003,3,Case sparse,14046,0,0,8,,1,0
Novate Mezzola (https://www.notion.so/Novate-Mezzola-a2b352fb0d07487cb22ffad258c4e766?pvs=21),Novate (https://www.notion.so/Novate-11c7c49d99b180eead97dde5ee1a4266?pvs=21),Novate Mezzola (https://www.notion.so/Novate-Mezzola-69f77bb83ba44025841ed3476cd9a00f?pvs=21),140461002,140460000002,1,Novate Mezzola,14046,484,175,129,212,0.424342105263,0.575657894737
Novate Mezzola (https://www.notion.so/Novate-Mezzola-a2b352fb0d07487cb22ffad258c4e766?pvs=21),Novate (https://www.notion.so/Novate-11c7c49d99b180eead97dde5ee1a4266?pvs=21),Novate Mezzola (https://www.notion.so/Novate-Mezzola-69f77bb83ba44025841ed3476cd9a00f?pvs=21),140461002,140460000001,1,Novate Mezzola,14046,684,259,80,212,0.23598820059,0.76401179941
San Giacomo Filippo (https://www.notion.so/San-Giacomo-Filippo-4442b9bbbf894587be85a28aa25c1e2c?pvs=21),Olmo (https://www.notion.so/Olmo-e266e73304de44659843f19c2192bf9a?pvs=21),Lendine (https://www.notion.so/Lendine-13145c45c1dd456fa36c492d4bebec8e?pvs=21),140582006,140580000016,2,Lendine,14058,0,0,32,1693,1,0
San Giacomo Filippo (https://www.notion.so/San-Giacomo-Filippo-4442b9bbbf894587be85a28aa25c1e2c?pvs=21),Olmo (https://www.notion.so/Olmo-e266e73304de44659843f19c2192bf9a?pvs=21),Olmo (https://www.notion.so/Olmo-6f74852fc0c54fef96da140f7738b8f0?pvs=21),140581002,140580000009,1,Olmo,14058,115,43,55,1056,0.561224489796,0.438775510204
San Giacomo Filippo (https://www.notion.so/San-Giacomo-Filippo-4442b9bbbf894587be85a28aa25c1e2c?pvs=21),Olmo (https://www.notion.so/Olmo-e266e73304de44659843f19c2192bf9a?pvs=21),Ca di Bara (https://www.notion.so/Ca-di-Bara-ef0641a5f849477baa9f63cc415f1a00?pvs=21),140582002,140580000008,2,Ca' Bara,14058,10,4,18,1100,0.818181818182,0.181818181818
San Giacomo Filippo (https://www.notion.so/San-Giacomo-Filippo-4442b9bbbf894587be85a28aa25c1e2c?pvs=21),Olmo (https://www.notion.so/Olmo-e266e73304de44659843f19c2192bf9a?pvs=21),La Motta (https://www.notion.so/La-Motta-08b6041769ee412b963eee76ed144522?pvs=21),140582008,140580000007,2,Motta,14058,24,8,19,997,0.703703703704,0.296296296296
Madesimo (https://www.notion.so/Madesimo-965dae81402942d184e9b9538c72a266?pvs=21),Pianazzo (https://www.notion.so/Pianazzo-9f9b9d1526c9467c9ae038e81542f120?pvs=21),Pianazzo (https://www.notion.so/Pianazzo-70162b5d2b4e4e07854f2ee3faa93a2d?pvs=21),140353001,140350000047,3,Case sparse_zona centrale,14035,6,0,37,,1,0
Madesimo (https://www.notion.so/Madesimo-965dae81402942d184e9b9538c72a266?pvs=21),Pianazzo (https://www.notion.so/Pianazzo-9f9b9d1526c9467c9ae038e81542f120?pvs=21),Scalcoggia (https://www.notion.so/Scalcoggia-cf80bab9e63547a7a9f570b9f34675ea?pvs=21),140352014,140350000023,2,Scalcoggia,14035,10,4,23,1508,0.851851851852,0.148148148148
Madesimo (https://www.notion.so/Madesimo-965dae81402942d184e9b9538c72a266?pvs=21),Pianazzo (https://www.notion.so/Pianazzo-9f9b9d1526c9467c9ae038e81542f120?pvs=21),Pianazzo (https://www.notion.so/Pianazzo-70162b5d2b4e4e07854f2ee3faa93a2d?pvs=21),140351004,140350000024,1,Pianazzo,14035,79,34,105,1399,0.755395683453,0.244604316547
Madesimo (https://www.notion.so/Madesimo-965dae81402942d184e9b9538c72a266?pvs=21),Pianazzo (https://www.notion.so/Pianazzo-9f9b9d1526c9467c9ae038e81542f120?pvs=21),Torni (https://www.notion.so/Torni-886ed87def8a433585e9324fa6945bef?pvs=21),140352017,140350000027,2,Torni,14035,0,0,19,1360,1,0
Madesimo (https://www.notion.so/Madesimo-965dae81402942d184e9b9538c72a266?pvs=21),"Pianazzo (https://www.notion.so/Pianazzo-9f9b9d1526c9467c9ae038e81542f120?pvs=21), Andossi (https://www.notion.so/Andossi-11b7c49d99b18096a06accb03296aa5a?pvs=21)",Alpe Andossi (https://www.notion.so/Alpe-Andossi-fec50a02b5ae437eaad3a4d24adbefa0?pvs=21),140352002,140350000012,2,Ca Mamela,14035,0,0,22,1760,1,0
Madesimo (https://www.notion.so/Madesimo-965dae81402942d184e9b9538c72a266?pvs=21),"Pianazzo (https://www.notion.so/Pianazzo-9f9b9d1526c9467c9ae038e81542f120?pvs=21), Andossi (https://www.notion.so/Andossi-11b7c49d99b18096a06accb03296aa5a?pvs=21)",Alpe Andossi (https://www.notion.so/Alpe-Andossi-fec50a02b5ae437eaad3a4d24adbefa0?pvs=21),140353001,140350000010,3,Case sparse_Mottaccio,14035,0,0,11,,1,0
Madesimo (https://www.notion.so/Madesimo-965dae81402942d184e9b9538c72a266?pvs=21),"Pianazzo (https://www.notion.so/Pianazzo-9f9b9d1526c9467c9ae038e81542f120?pvs=21), Andossi (https://www.notion.so/Andossi-11b7c49d99b18096a06accb03296aa5a?pvs=21)",Alpe Andossi (https://www.notion.so/Alpe-Andossi-fec50a02b5ae437eaad3a4d24adbefa0?pvs=21),140352013,140350000009,2,San Rocco,14035,0,0,50,1724,1,0
Madesimo (https://www.notion.so/Madesimo-965dae81402942d184e9b9538c72a266?pvs=21),"Pianazzo (https://www.notion.so/Pianazzo-9f9b9d1526c9467c9ae038e81542f120?pvs=21), Andossi (https://www.notion.so/Andossi-11b7c49d99b18096a06accb03296aa5a?pvs=21)",Alpe Andossi (https://www.notion.so/Alpe-Andossi-fec50a02b5ae437eaad3a4d24adbefa0?pvs=21),140352005,140350000011,2,Croce,14035,0,0,16,1762,1,0
Madesimo (https://www.notion.so/Madesimo-965dae81402942d184e9b9538c72a266?pvs=21),"Pianazzo (https://www.notion.so/Pianazzo-9f9b9d1526c9467c9ae038e81542f120?pvs=21), Andossi (https://www.notion.so/Andossi-11b7c49d99b18096a06accb03296aa5a?pvs=21)",Alpe Andossi (https://www.notion.so/Alpe-Andossi-fec50a02b5ae437eaad3a4d24adbefa0?pvs=21),140352011,140350000008,2,Pra Martegno,14035,3,2,47,1798,0.959183673469,0.040816326531
Madesimo (https://www.notion.so/Madesimo-965dae81402942d184e9b9538c72a266?pvs=21),"Pianazzo (https://www.notion.so/Pianazzo-9f9b9d1526c9467c9ae038e81542f120?pvs=21), Rasdeglia (https://www.notion.so/Rasdeglia-acd2d238fd7c41de931a39327901c075?pvs=21)",Alpe Vamlera (https://www.notion.so/Alpe-Vamlera-aad00f3ca4fb474a976c447d59ba152d?pvs=21), , ,2,Alpe Vamlera,14035,0,0,18,1904,1,0
Madesimo (https://www.notion.so/Madesimo-965dae81402942d184e9b9538c72a266?pvs=21),"Pianazzo (https://www.notion.so/Pianazzo-9f9b9d1526c9467c9ae038e81542f120?pvs=21), Rasdeglia (https://www.notion.so/Rasdeglia-acd2d238fd7c41de931a39327901c075?pvs=21)",Alpe Crotto (https://www.notion.so/Alpe-Crotto-1c77926122fc46038c3cd93b0d3eb6f1?pvs=21),140353001,140350000032,3,Case sparse_Alpe Crotto,14035,0,0,3,,1,0
Madesimo (https://www.notion.so/Madesimo-965dae81402942d184e9b9538c72a266?pvs=21),"Pianazzo (https://www.notion.so/Pianazzo-9f9b9d1526c9467c9ae038e81542f120?pvs=21), Rasdeglia (https://www.notion.so/Rasdeglia-acd2d238fd7c41de931a39327901c075?pvs=21)",Alpe Le Mede / Met (https://www.notion.so/Alpe-Le-Mede-Met-56b7008973cf4e5cb10e45d4cc6ffb60?pvs=21),140353001,140350000031,3,Case sparse_Alpe Mede,14035,0,0,10,,1,0
Madesimo (https://www.notion.so/Madesimo-965dae81402942d184e9b9538c72a266?pvs=21),"Pianazzo (https://www.notion.so/Pianazzo-9f9b9d1526c9467c9ae038e81542f120?pvs=21), Rasdeglia (https://www.notion.so/Rasdeglia-acd2d238fd7c41de931a39327901c075?pvs=21)",Rasdeglia (https://www.notion.so/Rasdeglia-46b3a5295f1a4980bdf662daff7037c5?pvs=21),140352012,140350000030,2,Rasdeglia,14035,0,0,18,1499,1,0
Madesimo (https://www.notion.so/Madesimo-965dae81402942d184e9b9538c72a266?pvs=21),"Pianazzo (https://www.notion.so/Pianazzo-9f9b9d1526c9467c9ae038e81542f120?pvs=21), Teggiate (https://www.notion.so/Teggiate-4e5ac1299c8b4e848d403ad2684037b5?pvs=21)",Stuetta (https://www.notion.so/Stuetta-b44d09d2708b4012b094a4c4ad6d791c?pvs=21),140352015,140350000003,2,Stuetta,14035,0,0,50,1874,1,0
Madesimo (https://www.notion.so/Madesimo-965dae81402942d184e9b9538c72a266?pvs=21),"Pianazzo (https://www.notion.so/Pianazzo-9f9b9d1526c9467c9ae038e81542f120?pvs=21), Teggiate (https://www.notion.so/Teggiate-4e5ac1299c8b4e848d403ad2684037b5?pvs=21)",Palu / Palude (https://www.notion.so/Palu-Palude-44e066ae4ee04da7b103227e21764b2b?pvs=21),140352009,140350000004,2,Palu,14035,0,0,30,1810,1,0
Madesimo (https://www.notion.so/Madesimo-965dae81402942d184e9b9538c72a266?pvs=21),"Pianazzo (https://www.notion.so/Pianazzo-9f9b9d1526c9467c9ae038e81542f120?pvs=21), Teggiate (https://www.notion.so/Teggiate-4e5ac1299c8b4e848d403ad2684037b5?pvs=21)",Cascine di Teggiate (https://www.notion.so/Cascine-di-Teggiate-ed06bc2eb0dd46a0bb47b6388512f2cf?pvs=21),140352003,140350000007,2,Cascine di Teggiate,14035,0,0,24,1783,1,0
Madesimo (https://www.notion.so/Madesimo-965dae81402942d184e9b9538c72a266?pvs=21),"Pianazzo (https://www.notion.so/Pianazzo-9f9b9d1526c9467c9ae038e81542f120?pvs=21), Teggiate (https://www.notion.so/Teggiate-4e5ac1299c8b4e848d403ad2684037b5?pvs=21)",Teggiate nuova (https://www.notion.so/Teggiate-nuova-8add002893cc48308e05c8ff8c12f0b2?pvs=21),140352016,140350000006,2,Teggiate Nuova,14035,0,0,18,1679,1,0
Madesimo (https://www.notion.so/Madesimo-965dae81402942d184e9b9538c72a266?pvs=21),"Pianazzo (https://www.notion.so/Pianazzo-9f9b9d1526c9467c9ae038e81542f120?pvs=21), Teggiate (https://www.notion.so/Teggiate-4e5ac1299c8b4e848d403ad2684037b5?pvs=21)",Teggiate (https://www.notion.so/Teggiate-d2fd402b73384703a705e3cc36ec8e9d?pvs=21),140353001,140350000005,3,Case sparse_Teggiate,14035,0,0,2,,1,0
Piuro (https://www.notion.so/Piuro-198ac9109da344c6bcc90d755170b975?pvs=21),Piuro (https://www.notion.so/Piuro-11c7c49d99b18047bb73ee5214adb1d2?pvs=21),,140503004,140500000018,3,Case sparse,14050,0,0,0,,,
Piuro (https://www.notion.so/Piuro-198ac9109da344c6bcc90d755170b975?pvs=21),Piuro (https://www.notion.so/Piuro-11c7c49d99b18047bb73ee5214adb1d2?pvs=21),,140503003,140500000017,3,Case sparse,14050,0,0,0,,,
Piuro (https://www.notion.so/Piuro-198ac9109da344c6bcc90d755170b975?pvs=21),Piuro (https://www.notion.so/Piuro-11c7c49d99b18047bb73ee5214adb1d2?pvs=21),,140503002,140500000016,3,Case sparse,14050,0,0,0,,,
Piuro (https://www.notion.so/Piuro-198ac9109da344c6bcc90d755170b975?pvs=21),Piuro (https://www.notion.so/Piuro-11c7c49d99b18047bb73ee5214adb1d2?pvs=21),,140503001,140500000015,3,Case sparse,14050,0,0,0,,,
Piuro (https://www.notion.so/Piuro-198ac9109da344c6bcc90d755170b975?pvs=21),Piuro (https://www.notion.so/Piuro-11c7c49d99b18047bb73ee5214adb1d2?pvs=21),,140503001,140500000014,3,Case sparse,14050,0,0,56,,1,0
Piuro (https://www.notion.so/Piuro-198ac9109da344c6bcc90d755170b975?pvs=21),Piuro (https://www.notion.so/Piuro-11c7c49d99b18047bb73ee5214adb1d2?pvs=21),,140503001,140500000013,3,Case sparse,14050,0,0,15,,1,0
Piuro (https://www.notion.so/Piuro-198ac9109da344c6bcc90d755170b975?pvs=21),Piuro (https://www.notion.so/Piuro-11c7c49d99b18047bb73ee5214adb1d2?pvs=21),,140503005,140500000012,3,Case sparse,14050,0,0,0,,,
Piuro (https://www.notion.so/Piuro-198ac9109da344c6bcc90d755170b975?pvs=21),Piuro (https://www.notion.so/Piuro-11c7c49d99b18047bb73ee5214adb1d2?pvs=21),,140503003,140500000011,3,Case sparse,14050,0,0,0,,,
Piuro (https://www.notion.so/Piuro-198ac9109da344c6bcc90d755170b975?pvs=21),Piuro (https://www.notion.so/Piuro-11c7c49d99b18047bb73ee5214adb1d2?pvs=21),Savogno (https://www.notion.so/Savogno-bd488df8c928480d85d6a81b5fe1865a?pvs=21),140502004,140500000010,2,Savogno,14050,0,0,48,932,1,0
Piuro (https://www.notion.so/Piuro-198ac9109da344c6bcc90d755170b975?pvs=21),Piuro (https://www.notion.so/Piuro-11c7c49d99b18047bb73ee5214adb1d2?pvs=21),Dasile (https://www.notion.so/Dasile-b5e0f508bdf64132907c30f849131b6d?pvs=21),140502002,140500000009,2,Dasile,14050,0,0,24,1032,1,0
Piuro (https://www.notion.so/Piuro-198ac9109da344c6bcc90d755170b975?pvs=21),Piuro (https://www.notion.so/Piuro-11c7c49d99b18047bb73ee5214adb1d2?pvs=21),Cranna (https://www.notion.so/Cranna-aa355a2622c84e17ae06399aeda46d37?pvs=21),140502001,140500000008,2,Crana,14050,0,0,14,558,1,0
Piuro (https://www.notion.so/Piuro-198ac9109da344c6bcc90d755170b975?pvs=21),Piuro (https://www.notion.so/Piuro-11c7c49d99b18047bb73ee5214adb1d2?pvs=21),,140503001,140500000007,3,Case sparse,14050,0,0,1,,1,0
Piuro (https://www.notion.so/Piuro-198ac9109da344c6bcc90d755170b975?pvs=21),Piuro (https://www.notion.so/Piuro-11c7c49d99b18047bb73ee5214adb1d2?pvs=21),,140503001,140500000006,3,Case sparse,14050,0,0,0,,,
Piuro (https://www.notion.so/Piuro-198ac9109da344c6bcc90d755170b975?pvs=21),Piuro (https://www.notion.so/Piuro-11c7c49d99b18047bb73ee5214adb1d2?pvs=21),,140503001,140500000005,3,Case sparse,14050,0,0,2,,1,0
Piuro (https://www.notion.so/Piuro-198ac9109da344c6bcc90d755170b975?pvs=21),Piuro (https://www.notion.so/Piuro-11c7c49d99b18047bb73ee5214adb1d2?pvs=21),S Abbondio (https://www.notion.so/S-Abbondio-16951cba8b454e32a1d94d835c10036e?pvs=21),140502003,140500000004,2,Sant'Abbondio,14050,63,24,10,431,0.294117647059,0.705882352941
Piuro (https://www.notion.so/Piuro-198ac9109da344c6bcc90d755170b975?pvs=21),Piuro (https://www.notion.so/Piuro-11c7c49d99b18047bb73ee5214adb1d2?pvs=21),S Croce (https://www.notion.so/S-Croce-2a8d65dbeb4c41deae5aea0f449f12e7?pvs=21),140501003,140500000003,1,Santa Croce,14050,316,105,61,449,0.367469879518,0.632530120482
Piuro (https://www.notion.so/Piuro-198ac9109da344c6bcc90d755170b975?pvs=21),Piuro (https://www.notion.so/Piuro-11c7c49d99b18047bb73ee5214adb1d2?pvs=21),Borgonuovo (https://www.notion.so/Borgonuovo-11c7c49d99b18012aa53d6ed4ac9b26c?pvs=21),140501001,140500000002,1,Borgonuovo,14050,592,191,48,405,0.200836820084,0.799163179916
Piuro (https://www.notion.so/Piuro-198ac9109da344c6bcc90d755170b975?pvs=21),Piuro (https://www.notion.so/Piuro-11c7c49d99b18047bb73ee5214adb1d2?pvs=21),Prosto (https://www.notion.so/Prosto-c8ebb65685b7453b8d65f6aa7f894899?pvs=21),140501002,140500000001,1,Prosto,14050,742,244,81,382,0.249230769231,0.750769230769
Campodolcino (https://www.notion.so/Campodolcino-588bd69db74f48b5bac1cf06486a603f?pvs=21),Portarezza (https://www.notion.so/Portarezza-75e1c612637a4ac4bf5030718a5d3a6a?pvs=21),Servizio di Sopra (https://www.notion.so/Servizio-di-Sopra-6b98127b4c6d43f2a0a3d073e898ff4f?pvs=21),140123002,140120000025,3,Case sparse_zona sopra servizio,14012,0,0,0,,,
Campodolcino (https://www.notion.so/Campodolcino-588bd69db74f48b5bac1cf06486a603f?pvs=21),Portarezza (https://www.notion.so/Portarezza-75e1c612637a4ac4bf5030718a5d3a6a?pvs=21),Servizio di Sopra (https://www.notion.so/Servizio-di-Sopra-6b98127b4c6d43f2a0a3d073e898ff4f?pvs=21),140123001,140120000022,3,Case sparse_Alpe Servizio di sopra,14012,0,0,0,,,
Campodolcino (https://www.notion.so/Campodolcino-588bd69db74f48b5bac1cf06486a603f?pvs=21),Portarezza (https://www.notion.so/Portarezza-75e1c612637a4ac4bf5030718a5d3a6a?pvs=21),Pietra (https://www.notion.so/Pietra-860742dcde46489ab9959bb256d306e2?pvs=21),140121004,140120000005,1,Pietra,14012,113,39,112,1062,0.741721854305,0.258278145695
Campodolcino (https://www.notion.so/Campodolcino-588bd69db74f48b5bac1cf06486a603f?pvs=21),Portarezza (https://www.notion.so/Portarezza-75e1c612637a4ac4bf5030718a5d3a6a?pvs=21),Prestone (https://www.notion.so/Prestone-eee4523141d6486eba1a6657e4a2b6dc?pvs=21),140121005,140120000006,1,Prestone,14012,164,61,139,1065,0.695,0.305
Prata Camportaccio (https://www.notion.so/Prata-Camportaccio-0d1eb1359aef447495ccd26ded9968e8?pvs=21),Prata (https://www.notion.so/Prata-11c7c49d99b180c693e1d9e78c586d94?pvs=21),,140543002,140540000014,3,Case sparse,14054,0,0,0,,,
Prata Camportaccio (https://www.notion.so/Prata-Camportaccio-0d1eb1359aef447495ccd26ded9968e8?pvs=21),Prata (https://www.notion.so/Prata-11c7c49d99b180c693e1d9e78c586d94?pvs=21),,140543001,140540000013,3,Case sparse,14054,0,0,0,,,
Prata Camportaccio (https://www.notion.so/Prata-Camportaccio-0d1eb1359aef447495ccd26ded9968e8?pvs=21),Prata (https://www.notion.so/Prata-11c7c49d99b180c693e1d9e78c586d94?pvs=21),,140543001,140540000012,3,Case sparse,14054,0,0,0,,,
Prata Camportaccio (https://www.notion.so/Prata-Camportaccio-0d1eb1359aef447495ccd26ded9968e8?pvs=21),Prata (https://www.notion.so/Prata-11c7c49d99b180c693e1d9e78c586d94?pvs=21),,140543001,140540000011,3,Case sparse,14054,3,2,1,,0.333333333333,0.666666666667
Prata Camportaccio (https://www.notion.so/Prata-Camportaccio-0d1eb1359aef447495ccd26ded9968e8?pvs=21),Prata (https://www.notion.so/Prata-11c7c49d99b180c693e1d9e78c586d94?pvs=21),,140543001,140540000010,3,Case sparse,14054,1,1,1,,0.5,0.5
Prata Camportaccio (https://www.notion.so/Prata-Camportaccio-0d1eb1359aef447495ccd26ded9968e8?pvs=21),Prata (https://www.notion.so/Prata-11c7c49d99b180c693e1d9e78c586d94?pvs=21),,140543001,140540000009,3,Case sparse,14054,1,1,0,,0,1
Prata Camportaccio (https://www.notion.so/Prata-Camportaccio-0d1eb1359aef447495ccd26ded9968e8?pvs=21),Prata (https://www.notion.so/Prata-11c7c49d99b180c693e1d9e78c586d94?pvs=21),Malaguardia (https://www.notion.so/Malaguardia-b6484c5904cd4d85b69beacd32cce8e7?pvs=21),140542001,140540000008,2,Malaguardia,14054,161,54,9,232,0.142857142857,0.857142857143
Prata Camportaccio (https://www.notion.so/Prata-Camportaccio-0d1eb1359aef447495ccd26ded9968e8?pvs=21),Prata (https://www.notion.so/Prata-11c7c49d99b180c693e1d9e78c586d94?pvs=21),,140542002,140540000007,2,Pizzo,14054,110,29,2,250,0.064516129032,0.935483870968
Prata Camportaccio (https://www.notion.so/Prata-Camportaccio-0d1eb1359aef447495ccd26ded9968e8?pvs=21),Prata (https://www.notion.so/Prata-11c7c49d99b180c693e1d9e78c586d94?pvs=21),Porettina (https://www.notion.so/Porettina-c4084e17afa84e0fb344e1930fbaa1df?pvs=21),140542003,140540000006,2,Porrettina Alta,14054,125,42,6,219,0.125,0.875
Prata Camportaccio (https://www.notion.so/Prata-Camportaccio-0d1eb1359aef447495ccd26ded9968e8?pvs=21),Prata (https://www.notion.so/Prata-11c7c49d99b180c693e1d9e78c586d94?pvs=21),Porettina (https://www.notion.so/Porettina-c4084e17afa84e0fb344e1930fbaa1df?pvs=21),140542004,140540000005,2,Porrettina Bassa,14054,50,17,0,213,0,1
Prata Camportaccio (https://www.notion.so/Prata-Camportaccio-0d1eb1359aef447495ccd26ded9968e8?pvs=21),Prata (https://www.notion.so/Prata-11c7c49d99b180c693e1d9e78c586d94?pvs=21),,140541002,140540000004,1,San Cassiano,14054,495,154,21,226,0.12,0.88
Prata Camportaccio (https://www.notion.so/Prata-Camportaccio-0d1eb1359aef447495ccd26ded9968e8?pvs=21),Prata (https://www.notion.so/Prata-11c7c49d99b180c693e1d9e78c586d94?pvs=21),,140541002,140540000003,1,San Cassiano,14054,489,166,24,226,0.126315789474,0.873684210526
Prata Camportaccio (https://www.notion.so/Prata-Camportaccio-0d1eb1359aef447495ccd26ded9968e8?pvs=21),Prata (https://www.notion.so/Prata-11c7c49d99b180c693e1d9e78c586d94?pvs=21),Prata (https://www.notion.so/Prata-e37c993934cf4021b67d0a66f861fde5?pvs=21),140541001,140540000002,1,Prata Centro,14054,795,279,58,352,0.172106824926,0.827893175074
Prata Camportaccio (https://www.notion.so/Prata-Camportaccio-0d1eb1359aef447495ccd26ded9968e8?pvs=21),Prata (https://www.notion.so/Prata-11c7c49d99b180c693e1d9e78c586d94?pvs=21),Tanno (https://www.notion.so/Tanno-271f37cec00a4bb2977ac3f822568d04?pvs=21),140541003,140540000001,1,Tanno,14054,340,113,18,294,0.137404580153,0.862595419847
Samolaco (https://www.notion.so/Samolaco-8fd0925aa0a2408292ac6d9755e22761?pvs=21),Samolaco (https://www.notion.so/Samolaco-11c7c49d99b180219498ebb70231c750?pvs=21),,140573002,140570000016,3,Case sparse,14057,0,0,0,,,
Samolaco (https://www.notion.so/Samolaco-8fd0925aa0a2408292ac6d9755e22761?pvs=21),Samolaco (https://www.notion.so/Samolaco-11c7c49d99b180219498ebb70231c750?pvs=21),,140573001,140570000015,3,Case sparse,14057,328,95,20,,0.173913043478,0.826086956522
Samolaco (https://www.notion.so/Samolaco-8fd0925aa0a2408292ac6d9755e22761?pvs=21),Samolaco (https://www.notion.so/Samolaco-11c7c49d99b180219498ebb70231c750?pvs=21),,140572001,140570000014,2,Giumellasco,14057,60,21,4,200,0.16,0.84
Samolaco (https://www.notion.so/Samolaco-8fd0925aa0a2408292ac6d9755e22761?pvs=21),Samolaco (https://www.notion.so/Samolaco-11c7c49d99b180219498ebb70231c750?pvs=21),Giumello (https://www.notion.so/Giumello-b92f5a69cf23451d98e5fdd209e56759?pvs=21),140571002,140570000013,1,Giumello,14057,92,27,8,201,0.228571428571,0.771428571429
Samolaco (https://www.notion.so/Samolaco-8fd0925aa0a2408292ac6d9755e22761?pvs=21),Samolaco (https://www.notion.so/Samolaco-11c7c49d99b180219498ebb70231c750?pvs=21),,140572004,140570000012,2,Ponte Nave,14057,16,5,0,206,0,1
Samolaco (https://www.notion.so/Samolaco-8fd0925aa0a2408292ac6d9755e22761?pvs=21),Samolaco (https://www.notion.so/Samolaco-11c7c49d99b180219498ebb70231c750?pvs=21),,140572003,140570000011,2,Poiat,14057,74,23,10,206,0.30303030303,0.69696969697
Samolaco (https://www.notion.so/Samolaco-8fd0925aa0a2408292ac6d9755e22761?pvs=21),Samolaco (https://www.notion.so/Samolaco-11c7c49d99b180219498ebb70231c750?pvs=21),Somaggia (https://www.notion.so/Somaggia-fa259b089c0e42c28c19b63debd0c4a6?pvs=21),140571004,140570000010,1,Somaggia,14057,598,205,47,208,0.186507936508,0.813492063492
Samolaco (https://www.notion.so/Samolaco-8fd0925aa0a2408292ac6d9755e22761?pvs=21),Samolaco (https://www.notion.so/Samolaco-11c7c49d99b180219498ebb70231c750?pvs=21),,140573001,140570000009,3,Case sparse,14057,0,0,11,,1,0
Samolaco (https://www.notion.so/Samolaco-8fd0925aa0a2408292ac6d9755e22761?pvs=21),Samolaco (https://www.notion.so/Samolaco-11c7c49d99b180219498ebb70231c750?pvs=21),S Pietro (https://www.notion.so/S-Pietro-efab36e5b7524ecab77848c7be9d2849?pvs=21),140571003,140570000008,1,San Pietro,14057,856,254,31,255,0.108771929825,0.891228070175
Samolaco (https://www.notion.so/Samolaco-8fd0925aa0a2408292ac6d9755e22761?pvs=21),Samolaco (https://www.notion.so/Samolaco-11c7c49d99b180219498ebb70231c750?pvs=21),,140573001,140570000007,3,Case sparse,14057,0,0,5,,1,0
Samolaco (https://www.notion.so/Samolaco-8fd0925aa0a2408292ac6d9755e22761?pvs=21),Samolaco (https://www.notion.so/Samolaco-11c7c49d99b180219498ebb70231c750?pvs=21),,140573001,140570000006,3,Case sparse,14057,0,0,8,,1,0
Samolaco (https://www.notion.so/Samolaco-8fd0925aa0a2408292ac6d9755e22761?pvs=21),Samolaco (https://www.notion.so/Samolaco-11c7c49d99b180219498ebb70231c750?pvs=21),Paiedo (https://www.notion.so/Paiedo-38b172873ca84a61b1cbf6b71bd75084?pvs=21),140572002,140570000005,2,Paiedo,14057,0,0,26,886,1,0
Samolaco (https://www.notion.so/Samolaco-8fd0925aa0a2408292ac6d9755e22761?pvs=21),Samolaco (https://www.notion.so/Samolaco-11c7c49d99b180219498ebb70231c750?pvs=21),,140573001,140570000004,3,Case sparse,14057,0,0,7,,1,0
Samolaco (https://www.notion.so/Samolaco-8fd0925aa0a2408292ac6d9755e22761?pvs=21),Samolaco (https://www.notion.so/Samolaco-11c7c49d99b180219498ebb70231c750?pvs=21),,140573001,140570000003,3,Case sparse,14057,0,0,6,,1,0
Samolaco (https://www.notion.so/Samolaco-8fd0925aa0a2408292ac6d9755e22761?pvs=21),Samolaco (https://www.notion.so/Samolaco-11c7c49d99b180219498ebb70231c750?pvs=21),Vigazzolo (https://www.notion.so/Vigazzolo-5ae71e390b814474b8f1dd535322d1a4?pvs=21),140572005,140570000002,2,Vigazzolo,14057,25,9,3,214,0.25,0.75
Samolaco (https://www.notion.so/Samolaco-8fd0925aa0a2408292ac6d9755e22761?pvs=21),Samolaco (https://www.notion.so/Samolaco-11c7c49d99b180219498ebb70231c750?pvs=21),Era / S Andrea (https://www.notion.so/Era-S-Andrea-ab98aa8a7c95417eaea3195cb10507ce?pvs=21),140571001,140570000001,1,Era,14057,731,244,40,213,0.140845070423,0.859154929577
San Giacomo Filippo (https://www.notion.so/San-Giacomo-Filippo-4442b9bbbf894587be85a28aa25c1e2c?pvs=21),San Bernardo (https://www.notion.so/San-Bernardo-026e9f633635428bae3ee14694a74cd8?pvs=21),,140583001,140580000026,3,Case sparse_zona truzzo altro laghetto forse,14058,0,0,0,,,
San Giacomo Filippo (https://www.notion.so/San-Giacomo-Filippo-4442b9bbbf894587be85a28aa25c1e2c?pvs=21),San Bernardo (https://www.notion.so/San-Bernardo-026e9f633635428bae3ee14694a74cd8?pvs=21),,140583001,140580000024,3,Case sparse_zona truzzo altro laghetto forse,14058,0,0,0,,,
San Giacomo Filippo (https://www.notion.so/San-Giacomo-Filippo-4442b9bbbf894587be85a28aa25c1e2c?pvs=21),San Bernardo (https://www.notion.so/San-Bernardo-026e9f633635428bae3ee14694a74cd8?pvs=21),,140583001,140580000023,3,Case sparse_zona truzzo altro laghetto forse,14058,0,0,0,,,
San Giacomo Filippo (https://www.notion.so/San-Giacomo-Filippo-4442b9bbbf894587be85a28aa25c1e2c?pvs=21),San Bernardo (https://www.notion.so/San-Bernardo-026e9f633635428bae3ee14694a74cd8?pvs=21),,140583003,140580000022,3,Case sparse_zona monti quadro,14058,0,0,0,,,
San Giacomo Filippo (https://www.notion.so/San-Giacomo-Filippo-4442b9bbbf894587be85a28aa25c1e2c?pvs=21),San Bernardo (https://www.notion.so/San-Bernardo-026e9f633635428bae3ee14694a74cd8?pvs=21),,140583001,140580000025,3,Case sparse_zona truzzo altro laghetto forse,14058,0,0,0,,,
San Giacomo Filippo (https://www.notion.so/San-Giacomo-Filippo-4442b9bbbf894587be85a28aa25c1e2c?pvs=21),San Bernardo (https://www.notion.so/San-Bernardo-026e9f633635428bae3ee14694a74cd8?pvs=21),San Rocco / Scannabecco (https://www.notion.so/San-Rocco-Scannabecco-b5767a654b824576afb6958321c9d86d?pvs=21),140582011,140580000012,2,Scannabecco,14058,6,3,31,1242,0.911764705882,0.088235294118
San Giacomo Filippo (https://www.notion.so/San-Giacomo-Filippo-4442b9bbbf894587be85a28aa25c1e2c?pvs=21),San Bernardo (https://www.notion.so/San-Bernardo-026e9f633635428bae3ee14694a74cd8?pvs=21),,140582007,140580000011,2,Martinone,14058,14,8,18,1200,0.692307692308,0.307692307692
San Giacomo Filippo (https://www.notion.so/San-Giacomo-Filippo-4442b9bbbf894587be85a28aa25c1e2c?pvs=21),San Bernardo (https://www.notion.so/San-Bernardo-026e9f633635428bae3ee14694a74cd8?pvs=21),San Bernardo (https://www.notion.so/San-Bernardo-28dc652fbed44b289167967f4fa7495e?pvs=21),140581003,140580000010,1,San Bernardo,14058,11,6,32,1099,0.842105263158,0.157894736842
San Giacomo Filippo (https://www.notion.so/San-Giacomo-Filippo-4442b9bbbf894587be85a28aa25c1e2c?pvs=21),San Bernardo (https://www.notion.so/San-Bernardo-026e9f633635428bae3ee14694a74cd8?pvs=21),,140583001,140580000017,3,Case sparse_lago truzzo,14058,0,0,2,,1,0
San Giacomo Filippo (https://www.notion.so/San-Giacomo-Filippo-4442b9bbbf894587be85a28aa25c1e2c?pvs=21),San Giacomo Filippo (https://www.notion.so/San-Giacomo-Filippo-e18092e4bc0948ceb4db7f57c981a030?pvs=21),,140583001,140580000015,3,Case sparse_area centrale,14058,11,6,96,,0.941176470588,0.058823529412
San Giacomo Filippo (https://www.notion.so/San-Giacomo-Filippo-4442b9bbbf894587be85a28aa25c1e2c?pvs=21),San Giacomo Filippo (https://www.notion.so/San-Giacomo-Filippo-e18092e4bc0948ceb4db7f57c981a030?pvs=21),Uggia (https://www.notion.so/Uggia-35a499283aa041e4bf62ae4a55cc089c?pvs=21),140583001,140580000019,3,Case sparse_Uggia sotto,14058,6,4,6,,0.6,0.4
San Giacomo Filippo (https://www.notion.so/San-Giacomo-Filippo-4442b9bbbf894587be85a28aa25c1e2c?pvs=21),San Giacomo Filippo (https://www.notion.so/San-Giacomo-Filippo-e18092e4bc0948ceb4db7f57c981a030?pvs=21),Motta San Guglielmo (https://www.notion.so/Motta-San-Guglielmo-0a936808a9e34335959c17e883d3f80e?pvs=21),140582009,140580000002,2,Motta San Guglielmo,14058,85,26,16,590,0.380952380952,0.619047619048
San Giacomo Filippo (https://www.notion.so/San-Giacomo-Filippo-4442b9bbbf894587be85a28aa25c1e2c?pvs=21),San Giacomo Filippo (https://www.notion.so/San-Giacomo-Filippo-e18092e4bc0948ceb4db7f57c981a030?pvs=21),Alpe Olcera (https://www.notion.so/Alpe-Olcera-b58b89573047446985624646840cf63c?pvs=21),140583004,140580000014,3,Case sparse_area Alpe Olcera ,14058,0,0,0,,,
San Giacomo Filippo (https://www.notion.so/San-Giacomo-Filippo-4442b9bbbf894587be85a28aa25c1e2c?pvs=21),San Giacomo Filippo (https://www.notion.so/San-Giacomo-Filippo-e18092e4bc0948ceb4db7f57c981a030?pvs=21),San Giacomo Filippo (https://www.notion.so/San-Giacomo-Filippo-feb68d992d62434f93bc4892f31eabc9?pvs=21),140581004,140580000001,1,San Giacomo Filippo,14058,212,80,50,522,0.384615384615,0.615384615385
San Giacomo Filippo (https://www.notion.so/San-Giacomo-Filippo-4442b9bbbf894587be85a28aa25c1e2c?pvs=21),San Giacomo Filippo (https://www.notion.so/San-Giacomo-Filippo-e18092e4bc0948ceb4db7f57c981a030?pvs=21),Dalo (https://www.notion.so/Dalo-34f5655dbb3b42b1b7b70a18d0f99d93?pvs=21),140582004,140580000018,2,Dalo,14058,0,0,30,647,1,0
San Giacomo Filippo (https://www.notion.so/San-Giacomo-Filippo-4442b9bbbf894587be85a28aa25c1e2c?pvs=21),Sant'Antonio di Albareda (https://www.notion.so/Sant-Antonio-di-Albareda-b618e2cef2014c2f83e17847b229f44e?pvs=21),Sant’Antonio di Albareda (https://www.notion.so/Sant-Antonio-di-Albareda-ff557fa640e84f79be87d8a5920dd9a8?pvs=21),140582010,140580000021,2,S.Antonio Albareda,14058,0,0,45,833,1,0
San Giacomo Filippo (https://www.notion.so/San-Giacomo-Filippo-4442b9bbbf894587be85a28aa25c1e2c?pvs=21),Sommarovina (https://www.notion.so/Sommarovina-0baad02d2acf40fea6532e11d2ad5f28?pvs=21),Sommarovina (https://www.notion.so/Sommarovina-6f63c62da0df4b6ca5420c6f13699859?pvs=21),140581005,140580000020,1,Sommarovina,14058,0,0,45,956,1,0
Campodolcino (https://www.notion.so/Campodolcino-588bd69db74f48b5bac1cf06486a603f?pvs=21),Starleggia (https://www.notion.so/Starleggia-2c4de700098e489297123369d97d3738?pvs=21),Alpe Zoccana (https://www.notion.so/Alpe-Zoccana-895b331cfe3f4b699fd6b0c35932498d?pvs=21),140123001,140120000024,3,Case sparse_Alpe Zoccana,14012,0,0,0,,,
Campodolcino (https://www.notion.so/Campodolcino-588bd69db74f48b5bac1cf06486a603f?pvs=21),Starleggia (https://www.notion.so/Starleggia-2c4de700098e489297123369d97d3738?pvs=21),Alpe Toiana (https://www.notion.so/Alpe-Toiana-d7813d0e68644f72930c364c1819dabb?pvs=21),140123001,140120000023,3,Case sparse_Alpe Toiana,14012,0,0,0,,,
Campodolcino (https://www.notion.so/Campodolcino-588bd69db74f48b5bac1cf06486a603f?pvs=21),Starleggia (https://www.notion.so/Starleggia-2c4de700098e489297123369d97d3738?pvs=21),Alpe Fornat (https://www.notion.so/Alpe-Fornat-3ac0edf52b2e4563948728dda8fd2bd4?pvs=21),140122003,140120000021,2,Fornat,14012,0,0,13,1882,1,0
Campodolcino (https://www.notion.so/Campodolcino-588bd69db74f48b5bac1cf06486a603f?pvs=21),Starleggia (https://www.notion.so/Starleggia-2c4de700098e489297123369d97d3738?pvs=21),Alpe Gusone (https://www.notion.so/Alpe-Gusone-5095d1a9854746aaba48e467db56343d?pvs=21),140122005,140120000020,2,Gusone,14012,0,0,18,1891,1,0
Campodolcino (https://www.notion.so/Campodolcino-588bd69db74f48b5bac1cf06486a603f?pvs=21),Starleggia (https://www.notion.so/Starleggia-2c4de700098e489297123369d97d3738?pvs=21),Alpe Cort Sora (https://www.notion.so/Alpe-Cort-Sora-1e6904a31e0e46ceafad4eda22535293?pvs=21),140123001,140120000019,3,Case sparse_Alpe Cort Sora,14012,0,0,0,,,
Campodolcino (https://www.notion.so/Campodolcino-588bd69db74f48b5bac1cf06486a603f?pvs=21),Starleggia (https://www.notion.so/Starleggia-2c4de700098e489297123369d97d3738?pvs=21),Alpe Morone (https://www.notion.so/Alpe-Morone-8258b79c5d634c1391dec51ab1db2ee5?pvs=21),140122006,140120000018,2,Morone,14012,0,0,28,1800,1,0
Campodolcino (https://www.notion.so/Campodolcino-588bd69db74f48b5bac1cf06486a603f?pvs=21),Starleggia (https://www.notion.so/Starleggia-2c4de700098e489297123369d97d3738?pvs=21),Alpe Bocci (https://www.notion.so/Alpe-Bocci-0b20ce1e70574573a9cc1c9f005f0265?pvs=21),140123001,140120000017,3,Case sparse_Alpe Bocci,14012,0,0,2,,1,0
Campodolcino (https://www.notion.so/Campodolcino-588bd69db74f48b5bac1cf06486a603f?pvs=21),Starleggia (https://www.notion.so/Starleggia-2c4de700098e489297123369d97d3738?pvs=21),San Sisto (https://www.notion.so/San-Sisto-67aa183c4fce46d0a47deb705e1af2e3?pvs=21),140121006,140120000016,1,S.Sisto,14012,0,0,30,1769,1,0
Campodolcino (https://www.notion.so/Campodolcino-588bd69db74f48b5bac1cf06486a603f?pvs=21),Starleggia (https://www.notion.so/Starleggia-2c4de700098e489297123369d97d3738?pvs=21),Splughetta (https://www.notion.so/Splughetta-ea499769ee4b47b89d7cc7089c741379?pvs=21),140122008,140120000008,2,Splughetta,14012,4,2,37,1361,0.948717948718,0.051282051282
Campodolcino (https://www.notion.so/Campodolcino-588bd69db74f48b5bac1cf06486a603f?pvs=21),Starleggia (https://www.notion.so/Starleggia-2c4de700098e489297123369d97d3738?pvs=21),Ca di Lucc (https://www.notion.so/Ca-di-Lucc-a5f8f9a632e74d1d865ebdc5c5317937?pvs=21),140122002,140120000010,2,Ca de Luc,14012,2,1,12,1475,0.923076923077,0.076923076923
Campodolcino (https://www.notion.so/Campodolcino-588bd69db74f48b5bac1cf06486a603f?pvs=21),Starleggia (https://www.notion.so/Starleggia-2c4de700098e489297123369d97d3738?pvs=21),Starleggia (https://www.notion.so/Starleggia-4bcaf289dbc64efea01a78f87a24755e?pvs=21),140122009,140120000009,2,Starleggia,14012,18,8,87,1560,0.915789473684,0.084210526316
Verceia (https://www.notion.so/Verceia-f622dc3b55e7451abebca40085f23e45?pvs=21),Verceia (https://www.notion.so/Verceia-11c7c49d99b1804c8f68fe6a53144479?pvs=21),,140753001,140750000007,3,Case sparse,14075,0,0,0,,,
Verceia (https://www.notion.so/Verceia-f622dc3b55e7451abebca40085f23e45?pvs=21),Verceia (https://www.notion.so/Verceia-11c7c49d99b1804c8f68fe6a53144479?pvs=21),,140752002,140750000006,2,Fopaccia,14075,3,1,35,1044,0.972222222222,0.027777777778
Verceia (https://www.notion.so/Verceia-f622dc3b55e7451abebca40085f23e45?pvs=21),Verceia (https://www.notion.so/Verceia-11c7c49d99b1804c8f68fe6a53144479?pvs=21),Casten (https://www.notion.so/Casten-fba8e7eaa1de4a888d2e821fdc1b7ddf?pvs=21),140752001,140750000005,2,Casten,14075,0,0,15,975,1,0
Verceia (https://www.notion.so/Verceia-f622dc3b55e7451abebca40085f23e45?pvs=21),Verceia (https://www.notion.so/Verceia-11c7c49d99b1804c8f68fe6a53144479?pvs=21),Frasnedo (https://www.notion.so/Frasnedo-3999428a0ce14efb8c3b9ecfbd3816a7?pvs=21),140752003,140750000004,2,Fransedo,14075,0,0,90,1287,1,0
Verceia (https://www.notion.so/Verceia-f622dc3b55e7451abebca40085f23e45?pvs=21),Verceia (https://www.notion.so/Verceia-11c7c49d99b1804c8f68fe6a53144479?pvs=21),,140753002,140750000003,3,Case sparse,14075,0,0,0,,,
Verceia (https://www.notion.so/Verceia-f622dc3b55e7451abebca40085f23e45?pvs=21),Verceia (https://www.notion.so/Verceia-11c7c49d99b1804c8f68fe6a53144479?pvs=21),Verceia (https://www.notion.so/Verceia-28b1d0ee04b54e73a765f60fc7bdb22d?pvs=21),140751001,140750000002,1,Verceia,14075,579,192,74,200,0.278195488722,0.721804511278
Verceia (https://www.notion.so/Verceia-f622dc3b55e7451abebca40085f23e45?pvs=21),Verceia (https://www.notion.so/Verceia-11c7c49d99b1804c8f68fe6a53144479?pvs=21),Verceia (https://www.notion.so/Verceia-28b1d0ee04b54e73a765f60fc7bdb22d?pvs=21),140751001,140750000001,1,Verceia,14075,584,190,53,200,0.218106995885,0.781893004115
San Giacomo Filippo (https://www.notion.so/San-Giacomo-Filippo-4442b9bbbf894587be85a28aa25c1e2c?pvs=21),Vho (https://www.notion.so/Vho-641e79f2edbe4983bf1cb9a129aab7ca?pvs=21),Vho (https://www.notion.so/Vho-69552968502b434a89e33666bdebbe00?pvs=21),140583001,140580000006,3,Case sparse_Vho,14058,0,0,13,,1,0
Villa di Chiavenna (https://www.notion.so/Villa-di-Chiavenna-4a8dcbb56a96424487dfa1fe612d9f71?pvs=21),Villa di Chiavenna (https://www.notion.so/Villa-di-Chiavenna-11c7c49d99b1808c9140c8a0867a16b9?pvs=21),,140773003,140770000013,3,Case sparse,14077,0,0,0,,,
Villa di Chiavenna (https://www.notion.so/Villa-di-Chiavenna-4a8dcbb56a96424487dfa1fe612d9f71?pvs=21),Villa di Chiavenna (https://www.notion.so/Villa-di-Chiavenna-11c7c49d99b1808c9140c8a0867a16b9?pvs=21),,140773002,140770000012,3,Case sparse,14077,0,0,0,,,
Villa di Chiavenna (https://www.notion.so/Villa-di-Chiavenna-4a8dcbb56a96424487dfa1fe612d9f71?pvs=21),Villa di Chiavenna (https://www.notion.so/Villa-di-Chiavenna-11c7c49d99b1808c9140c8a0867a16b9?pvs=21),,140773001,140770000011,3,Case sparse,14077,0,0,77,,1,0
Villa di Chiavenna (https://www.notion.so/Villa-di-Chiavenna-4a8dcbb56a96424487dfa1fe612d9f71?pvs=21),Villa di Chiavenna (https://www.notion.so/Villa-di-Chiavenna-11c7c49d99b1808c9140c8a0867a16b9?pvs=21),,140773001,140770000010,3,Case sparse,14077,0,0,0,,,
Villa di Chiavenna (https://www.notion.so/Villa-di-Chiavenna-4a8dcbb56a96424487dfa1fe612d9f71?pvs=21),Villa di Chiavenna (https://www.notion.so/Villa-di-Chiavenna-11c7c49d99b1808c9140c8a0867a16b9?pvs=21),,140773004,140770000009,3,Case sparse,14077,0,0,0,,,
Villa di Chiavenna (https://www.notion.so/Villa-di-Chiavenna-4a8dcbb56a96424487dfa1fe612d9f71?pvs=21),Villa di Chiavenna (https://www.notion.so/Villa-di-Chiavenna-11c7c49d99b1808c9140c8a0867a16b9?pvs=21),Canete (https://www.notion.so/Canete-7b5f43b518074773928b569f3205b844?pvs=21),140772001,140770000008,2,Canete,14077,9,4,31,726,0.885714285714,0.114285714286
Villa di Chiavenna (https://www.notion.so/Villa-di-Chiavenna-4a8dcbb56a96424487dfa1fe612d9f71?pvs=21),Villa di Chiavenna (https://www.notion.so/Villa-di-Chiavenna-11c7c49d99b1808c9140c8a0867a16b9?pvs=21),S Barnaba (https://www.notion.so/S-Barnaba-ce18e9f8fb8d4642834f615aa7421398?pvs=21),140772006,140770000007,2,San Barnaba,14077,102,28,25,670,0.471698113208,0.528301886792
Villa di Chiavenna (https://www.notion.so/Villa-di-Chiavenna-4a8dcbb56a96424487dfa1fe612d9f71?pvs=21),Villa di Chiavenna (https://www.notion.so/Villa-di-Chiavenna-11c7c49d99b1808c9140c8a0867a16b9?pvs=21),Chete (https://www.notion.so/Chete-faa0c61623cf413bbc3356deb2a4e862?pvs=21),140772002,140770000006,2,Chete,14077,40,16,10,673,0.384615384615,0.615384615385
Villa di Chiavenna (https://www.notion.so/Villa-di-Chiavenna-4a8dcbb56a96424487dfa1fe612d9f71?pvs=21),Villa di Chiavenna (https://www.notion.so/Villa-di-Chiavenna-11c7c49d99b1808c9140c8a0867a16b9?pvs=21),Dogana (https://www.notion.so/Dogana-11c7c49d99b1808cb387c182c6ebbb1c?pvs=21),140772003,140770000005,2,Dogana,14077,53,17,7,688,0.291666666667,0.708333333333
Villa di Chiavenna (https://www.notion.so/Villa-di-Chiavenna-4a8dcbb56a96424487dfa1fe612d9f71?pvs=21),Villa di Chiavenna (https://www.notion.so/Villa-di-Chiavenna-11c7c49d99b1808c9140c8a0867a16b9?pvs=21),,140772005,140770000004,2,Pian della Ca',14077,88,30,8,647,0.210526315789,0.789473684211
Villa di Chiavenna (https://www.notion.so/Villa-di-Chiavenna-4a8dcbb56a96424487dfa1fe612d9f71?pvs=21),Villa di Chiavenna (https://www.notion.so/Villa-di-Chiavenna-11c7c49d99b1808c9140c8a0867a16b9?pvs=21),Giavera (https://www.notion.so/Giavera-26c205a1854d4cbe8c0b49869e303d30?pvs=21),140772004,140770000003,2,Giavera,14077,12,6,6,598,0.5,0.5
Villa di Chiavenna (https://www.notion.so/Villa-di-Chiavenna-4a8dcbb56a96424487dfa1fe612d9f71?pvs=21),Villa di Chiavenna (https://www.notion.so/Villa-di-Chiavenna-11c7c49d99b1808c9140c8a0867a16b9?pvs=21),Villa di Chiavenna (https://www.notion.so/Villa-di-Chiavenna-d97ffb0f412740afbcd955d7d5d97073?pvs=21),140771001,140770000002,1,Villa,14077,477,172,95,633,0.355805243446,0.644194756554
Villa di Chiavenna (https://www.notion.so/Villa-di-Chiavenna-4a8dcbb56a96424487dfa1fe612d9f71?pvs=21),Villa di Chiavenna (https://www.notion.so/Villa-di-Chiavenna-11c7c49d99b1808c9140c8a0867a16b9?pvs=21),Villa di Chiavenna (https://www.notion.so/Villa-di-Chiavenna-d97ffb0f412740afbcd955d7d5d97073?pvs=21),140771001,140770000001,1,Villa,14077,352,133,93,633,0.411504424779,0.588495575221