Comuni;Sottosistema;Denominazione;Codice localita;slm;Reti servizi presenti;Accessibilità principale;Viabilità interna;res 2022 - da verificare
San Giacomo Filippo (https://www.notion.so/San-Giacomo-Filippo-4442b9bbbf894587be85a28aa25c1e2c?pvs=21);Lirone/Gallivaggio (https://www.notion.so/Lirone-Gallivaggio-74919d941e124f1b93ad293980a67d4f?pvs=21);Lirone;1;852;BT, ILL, RE, RI, RT;strada asfaltata;pedonale, piode, terra battuta;16
San Giacomo Filippo (https://www.notion.so/San-Giacomo-Filippo-4442b9bbbf894587be85a28aa25c1e2c?pvs=21);Lirone/Gallivaggio (https://www.notion.so/Lirone-Gallivaggio-74919d941e124f1b93ad293980a67d4f?pvs=21);Gallivaggio;2;796;ILL, RE, RI, RT;strada asfaltata;acciottolato a coltello con traversine trasversali, pedonale, piode, terra battuta;8
San Giacomo Filippo (https://www.notion.so/San-Giacomo-Filippo-4442b9bbbf894587be85a28aa25c1e2c?pvs=21);Lirone/Gallivaggio (https://www.notion.so/Lirone-Gallivaggio-74919d941e124f1b93ad293980a67d4f?pvs=21);Cimaganda;2;915;ILL, RE, RI, RT;strada asfaltata;pedonale, terra battuta;4
San Giacomo Filippo (https://www.notion.so/San-Giacomo-Filippo-4442b9bbbf894587be85a28aa25c1e2c?pvs=21);Lirone/Gallivaggio (https://www.notion.so/Lirone-Gallivaggio-74919d941e124f1b93ad293980a67d4f?pvs=21);Avero;3;1680;;sentiero;pedonale, terra battuta;
San Giacomo Filippo (https://www.notion.so/San-Giacomo-Filippo-4442b9bbbf894587be85a28aa25c1e2c?pvs=21);Lirone/Gallivaggio (https://www.notion.so/Lirone-Gallivaggio-74919d941e124f1b93ad293980a67d4f?pvs=21);Zoccane;3;1470;;sentiero;pedonale, terra battuta;
San Giacomo Filippo (https://www.notion.so/San-Giacomo-Filippo-4442b9bbbf894587be85a28aa25c1e2c?pvs=21);Lirone/Gallivaggio (https://www.notion.so/Lirone-Gallivaggio-74919d941e124f1b93ad293980a67d4f?pvs=21);Mottasecca;3;1670;;sentiero;pedonale, terra battuta;
San Giacomo Filippo (https://www.notion.so/San-Giacomo-Filippo-4442b9bbbf894587be85a28aa25c1e2c?pvs=21);Olmo (https://www.notion.so/Olmo-e266e73304de44659843f19c2192bf9a?pvs=21);Olmo;1;1056;ILL, RE, RI, RT;sentiero, strada asfaltata;acciottolato a coltello con traversine trasversali, pedonale, terra battuta;26
San Giacomo Filippo (https://www.notion.so/San-Giacomo-Filippo-4442b9bbbf894587be85a28aa25c1e2c?pvs=21);Olmo (https://www.notion.so/Olmo-e266e73304de44659843f19c2192bf9a?pvs=21);Zecca;3;1162;RI;sentiero, strada sterrata;pedonale, terra battuta;
San Giacomo Filippo (https://www.notion.so/San-Giacomo-Filippo-4442b9bbbf894587be85a28aa25c1e2c?pvs=21);Olmo (https://www.notion.so/Olmo-e266e73304de44659843f19c2192bf9a?pvs=21);La Motta;2;997;ILL, RE, RI, RT;sentiero, strada asfaltata;acciottolato a coltello con traversine trasversali, pedonale, terra battuta;4
San Giacomo Filippo (https://www.notion.so/San-Giacomo-Filippo-4442b9bbbf894587be85a28aa25c1e2c?pvs=21);Olmo (https://www.notion.so/Olmo-e266e73304de44659843f19c2192bf9a?pvs=21);Ca di Rusca;1;1050;ILL, RE, RI, RT;sentiero, strada asfaltata;acciottolato a coltello con traversine trasversali, pedonale, terra battuta;14
San Giacomo Filippo (https://www.notion.so/San-Giacomo-Filippo-4442b9bbbf894587be85a28aa25c1e2c?pvs=21);Olmo (https://www.notion.so/Olmo-e266e73304de44659843f19c2192bf9a?pvs=21);Ca di Bara;2;1100;RE, RI;sentiero;acciottolato a coltello con traversine trasversali, pedonale, terra battuta;1
San Giacomo Filippo (https://www.notion.so/San-Giacomo-Filippo-4442b9bbbf894587be85a28aa25c1e2c?pvs=21);Olmo (https://www.notion.so/Olmo-e266e73304de44659843f19c2192bf9a?pvs=21);Lendine;3;1693;RI;sentiero;pedonale, terra battuta;
San Giacomo Filippo (https://www.notion.so/San-Giacomo-Filippo-4442b9bbbf894587be85a28aa25c1e2c?pvs=21);Olmo (https://www.notion.so/Olmo-e266e73304de44659843f19c2192bf9a?pvs=21);Alpe Corte Secca;3;1300;;sentiero;pedonale, terra battuta;
San Giacomo Filippo (https://www.notion.so/San-Giacomo-Filippo-4442b9bbbf894587be85a28aa25c1e2c?pvs=21);Olmo (https://www.notion.so/Olmo-e266e73304de44659843f19c2192bf9a?pvs=21);Laguzzolo;3;1768;RI;sentiero;pedonale, terra battuta;
San Giacomo Filippo (https://www.notion.so/San-Giacomo-Filippo-4442b9bbbf894587be85a28aa25c1e2c?pvs=21);Olmo (https://www.notion.so/Olmo-e266e73304de44659843f19c2192bf9a?pvs=21);Tecchio Mezzo - Costa;3;1150;RE, RI;sentiero;pedonale, terra battuta;
San Giacomo Filippo (https://www.notion.so/San-Giacomo-Filippo-4442b9bbbf894587be85a28aa25c1e2c?pvs=21);San Bernardo (https://www.notion.so/San-Bernardo-026e9f633635428bae3ee14694a74cd8?pvs=21);San Bernardo;1;1099;ILL, RE, RI, RT;sentiero, strada asfaltata;acciottolato a coltello con traversine trasversali, pedonale, terra battuta;4
Madesimo (https://www.notion.so/Madesimo-965dae81402942d184e9b9538c72a266?pvs=21);Madesimo (https://www.notion.so/Madesimo-148216101dc048a7a38cad70d4a4a2a4?pvs=21);Madesimo;1;1560;BT, ILL, P, RE, RI;strada asfaltata;veicolare;386
Madesimo (https://www.notion.so/Madesimo-965dae81402942d184e9b9538c72a266?pvs=21);Madesimo (https://www.notion.so/Madesimo-148216101dc048a7a38cad70d4a4a2a4?pvs=21);Alpe Forcelli;3;;ILL, RE, RI;strada asfaltata;;
Madesimo (https://www.notion.so/Madesimo-965dae81402942d184e9b9538c72a266?pvs=21);Madesimo (https://www.notion.so/Madesimo-148216101dc048a7a38cad70d4a4a2a4?pvs=21);Alpe Maccolini;2;1668;ILL, RE, RI;strada asfaltata;veicolare;
Madesimo (https://www.notion.so/Madesimo-965dae81402942d184e9b9538c72a266?pvs=21);Madesimo (https://www.notion.so/Madesimo-148216101dc048a7a38cad70d4a4a2a4?pvs=21);Zerbi;2;1600;ILL, RE, RI;strada sterrata;pedonale, terra battuta, veicolare;
Madesimo (https://www.notion.so/Madesimo-965dae81402942d184e9b9538c72a266?pvs=21);Madesimo (https://www.notion.so/Madesimo-148216101dc048a7a38cad70d4a4a2a4?pvs=21);Alpe Emet;3;2168;BT;sentiero, strada sterrata;pedonale, terra battuta;
Madesimo (https://www.notion.so/Madesimo-965dae81402942d184e9b9538c72a266?pvs=21);Madesimo (https://www.notion.so/Madesimo-148216101dc048a7a38cad70d4a4a2a4?pvs=21);Cassine - Abaret;3;1654;ILL, RE, RI;strada asfaltata;veicolare;
Madesimo (https://www.notion.so/Madesimo-965dae81402942d184e9b9538c72a266?pvs=21);Madesimo (https://www.notion.so/Madesimo-148216101dc048a7a38cad70d4a4a2a4?pvs=21);Baroi;3;1622;ILL, RE, RI;strada asfaltata;veicolare;
Madesimo (https://www.notion.so/Madesimo-965dae81402942d184e9b9538c72a266?pvs=21);Madesimo (https://www.notion.so/Madesimo-148216101dc048a7a38cad70d4a4a2a4?pvs=21);Alpe Groppera;2;1912;RE, RI;strada asfaltata;pedonale, terra battuta;
Madesimo (https://www.notion.so/Madesimo-965dae81402942d184e9b9538c72a266?pvs=21);Madesimo (https://www.notion.so/Madesimo-148216101dc048a7a38cad70d4a4a2a4?pvs=21);Pianello;2;1746;RE, RI;strada asfaltata;pedonale, terra battuta, veicolare;
Madesimo (https://www.notion.so/Madesimo-965dae81402942d184e9b9538c72a266?pvs=21);Madesimo (https://www.notion.so/Madesimo-148216101dc048a7a38cad70d4a4a2a4?pvs=21), Montespluga (https://www.notion.so/Montespluga-11c7c49d99b180bdaf57cc1057bb2332?pvs=21);Alpe Suretta;3;1924;ILL, RE, RI;strada asfaltata, strada sterrata;terra battuta, veicolare;
Madesimo (https://www.notion.so/Madesimo-965dae81402942d184e9b9538c72a266?pvs=21);Madesimo (https://www.notion.so/Madesimo-148216101dc048a7a38cad70d4a4a2a4?pvs=21), Montespluga (https://www.notion.so/Montespluga-11c7c49d99b180bdaf57cc1057bb2332?pvs=21);Montespluga;1;1905;BT, ILL, P, RE, RI;strada asfaltata, strada sterrata;pedonale, terra battuta, veicolare;12
Madesimo (https://www.notion.so/Madesimo-965dae81402942d184e9b9538c72a266?pvs=21);Pianazzo (https://www.notion.so/Pianazzo-9f9b9d1526c9467c9ae038e81542f120?pvs=21), Teggiate (https://www.notion.so/Teggiate-4e5ac1299c8b4e848d403ad2684037b5?pvs=21);Stuetta;2;1872;;strada asfaltata;pedonale, terra battuta, veicolare;
Madesimo (https://www.notion.so/Madesimo-965dae81402942d184e9b9538c72a266?pvs=21);Pianazzo (https://www.notion.so/Pianazzo-9f9b9d1526c9467c9ae038e81542f120?pvs=21);Pianazzo;1;1395;;;veicolare;67
Madesimo (https://www.notion.so/Madesimo-965dae81402942d184e9b9538c72a266?pvs=21);Pianazzo (https://www.notion.so/Pianazzo-9f9b9d1526c9467c9ae038e81542f120?pvs=21), Teggiate (https://www.notion.so/Teggiate-4e5ac1299c8b4e848d403ad2684037b5?pvs=21);Teggiate;2;1688;;sentiero;pedonale, terra battuta;
Madesimo (https://www.notion.so/Madesimo-965dae81402942d184e9b9538c72a266?pvs=21);Pianazzo (https://www.notion.so/Pianazzo-9f9b9d1526c9467c9ae038e81542f120?pvs=21), Teggiate (https://www.notion.so/Teggiate-4e5ac1299c8b4e848d403ad2684037b5?pvs=21);Teggiate nuova;2;1680;;strada asfaltata;veicolare;1
Madesimo (https://www.notion.so/Madesimo-965dae81402942d184e9b9538c72a266?pvs=21);Pianazzo (https://www.notion.so/Pianazzo-9f9b9d1526c9467c9ae038e81542f120?pvs=21), Teggiate (https://www.notion.so/Teggiate-4e5ac1299c8b4e848d403ad2684037b5?pvs=21);Cascine di Teggiate;2;1786;;strada asfaltata;veicolare;
Madesimo (https://www.notion.so/Madesimo-965dae81402942d184e9b9538c72a266?pvs=21);Pianazzo (https://www.notion.so/Pianazzo-9f9b9d1526c9467c9ae038e81542f120?pvs=21), Andossi (https://www.notion.so/Andossi-11b7c49d99b18096a06accb03296aa5a?pvs=21);Alpe Andossi;3;1789;;strada asfaltata, strada sterrata;pedonale, terra battuta, veicolare;4
Madesimo (https://www.notion.so/Madesimo-965dae81402942d184e9b9538c72a266?pvs=21);Pianazzo (https://www.notion.so/Pianazzo-9f9b9d1526c9467c9ae038e81542f120?pvs=21), Teggiate (https://www.notion.so/Teggiate-4e5ac1299c8b4e848d403ad2684037b5?pvs=21);Alpe Boffalora;3;1818;;strada asfaltata;pedonale, terra battuta, veicolare;
Madesimo (https://www.notion.so/Madesimo-965dae81402942d184e9b9538c72a266?pvs=21);Pianazzo (https://www.notion.so/Pianazzo-9f9b9d1526c9467c9ae038e81542f120?pvs=21), Teggiate (https://www.notion.so/Teggiate-4e5ac1299c8b4e848d403ad2684037b5?pvs=21);Palu / Palude;3;1828;;strada asfaltata;pedonale, terra battuta, veicolare;
Madesimo (https://www.notion.so/Madesimo-965dae81402942d184e9b9538c72a266?pvs=21);Pianazzo (https://www.notion.so/Pianazzo-9f9b9d1526c9467c9ae038e81542f120?pvs=21);Scalcoggia;2;1508;;strada asfaltata, strada sterrata;terra battuta, veicolare;9
Madesimo (https://www.notion.so/Madesimo-965dae81402942d184e9b9538c72a266?pvs=21);Pianazzo (https://www.notion.so/Pianazzo-9f9b9d1526c9467c9ae038e81542f120?pvs=21);Torni;2;1360;;sentiero, strada sterrata;pavimentata, pedonale, terra battuta, veicolare;
Madesimo (https://www.notion.so/Madesimo-965dae81402942d184e9b9538c72a266?pvs=21);Pianazzo (https://www.notion.so/Pianazzo-9f9b9d1526c9467c9ae038e81542f120?pvs=21), Rasdeglia (https://www.notion.so/Rasdeglia-acd2d238fd7c41de931a39327901c075?pvs=21);Rasdeglia;3;1500;;sentiero, strada asfaltata, strada sterrata;pedonale, terra battuta;
Madesimo (https://www.notion.so/Madesimo-965dae81402942d184e9b9538c72a266?pvs=21);Pianazzo (https://www.notion.so/Pianazzo-9f9b9d1526c9467c9ae038e81542f120?pvs=21), Rasdeglia (https://www.notion.so/Rasdeglia-acd2d238fd7c41de931a39327901c075?pvs=21);Alpe Vamlera;3;1885;;sentiero, strada sterrata;pedonale, terra battuta;
Madesimo (https://www.notion.so/Madesimo-965dae81402942d184e9b9538c72a266?pvs=21);Pianazzo (https://www.notion.so/Pianazzo-9f9b9d1526c9467c9ae038e81542f120?pvs=21), Rasdeglia (https://www.notion.so/Rasdeglia-acd2d238fd7c41de931a39327901c075?pvs=21);Alpe Soste;3;1538;;sentiero;pedonale, terra battuta;
Madesimo (https://www.notion.so/Madesimo-965dae81402942d184e9b9538c72a266?pvs=21);Pianazzo (https://www.notion.so/Pianazzo-9f9b9d1526c9467c9ae038e81542f120?pvs=21), Rasdeglia (https://www.notion.so/Rasdeglia-acd2d238fd7c41de931a39327901c075?pvs=21);Alpe Crotto;3;;;sentiero;pedonale, terra battuta;
Madesimo (https://www.notion.so/Madesimo-965dae81402942d184e9b9538c72a266?pvs=21);Pianazzo (https://www.notion.so/Pianazzo-9f9b9d1526c9467c9ae038e81542f120?pvs=21), Rasdeglia (https://www.notion.so/Rasdeglia-acd2d238fd7c41de931a39327901c075?pvs=21);Alpe Le Mede / Met;3;1907;;sentiero;pedonale, terra battuta;
Madesimo (https://www.notion.so/Madesimo-965dae81402942d184e9b9538c72a266?pvs=21);Isola (https://www.notion.so/Isola-e75fd7d7fa144606849e2486d9a741fe?pvs=21);Isola;1;1258;BT, ILL, P, RE, RI, RT;strada asfaltata;veicolare;27
Madesimo (https://www.notion.so/Madesimo-965dae81402942d184e9b9538c72a266?pvs=21);Isola (https://www.notion.so/Isola-e75fd7d7fa144606849e2486d9a741fe?pvs=21);Mottaletta;2;1345;ILL, RE, RI;sentiero, strada sterrata;pedonale, terra battuta;3
Madesimo (https://www.notion.so/Madesimo-965dae81402942d184e9b9538c72a266?pvs=21);Isola (https://www.notion.so/Isola-e75fd7d7fa144606849e2486d9a741fe?pvs=21);Ganda;3;1475;RE, RI;sentiero, strada sterrata;pedonale, terra battuta;
Madesimo (https://www.notion.so/Madesimo-965dae81402942d184e9b9538c72a266?pvs=21);Isola (https://www.notion.so/Isola-e75fd7d7fa144606849e2486d9a741fe?pvs=21);Canto;3;1435;RE, RI;strada asfaltata;pedonale, terra battuta;
Madesimo (https://www.notion.so/Madesimo-965dae81402942d184e9b9538c72a266?pvs=21);Isola (https://www.notion.so/Isola-e75fd7d7fa144606849e2486d9a741fe?pvs=21);Case Gossi;3;1284;ILL, RE, RI;strada asfaltata;pedonale, terra battuta;2
Madesimo (https://www.notion.so/Madesimo-965dae81402942d184e9b9538c72a266?pvs=21);Isola (https://www.notion.so/Isola-e75fd7d7fa144606849e2486d9a741fe?pvs=21);Ca Raseri;3;1487;RE, RI;strada asfaltata;pedonale, terra battuta;
Madesimo (https://www.notion.so/Madesimo-965dae81402942d184e9b9538c72a266?pvs=21);Isola (https://www.notion.so/Isola-e75fd7d7fa144606849e2486d9a741fe?pvs=21);Valle;3;1554;RE, RI;sentiero;pedonale, terra battuta;
Madesimo (https://www.notion.so/Madesimo-965dae81402942d184e9b9538c72a266?pvs=21);Isola (https://www.notion.so/Isola-e75fd7d7fa144606849e2486d9a741fe?pvs=21);Stabisotto;;;RE, RI;sentiero, strada asfaltata, strada sterrata;pedonale, terra battuta;
Madesimo (https://www.notion.so/Madesimo-965dae81402942d184e9b9538c72a266?pvs=21);Isola (https://www.notion.so/Isola-e75fd7d7fa144606849e2486d9a741fe?pvs=21);Teciai;3;1759;RE, RI;sentiero;pedonale, terra battuta;
Madesimo (https://www.notion.so/Madesimo-965dae81402942d184e9b9538c72a266?pvs=21);Isola (https://www.notion.so/Isola-e75fd7d7fa144606849e2486d9a741fe?pvs=21);Alpe Frondaglio;3;1682;RE, RI;sentiero, strada sterrata;pedonale, terra battuta;
Madesimo (https://www.notion.so/Madesimo-965dae81402942d184e9b9538c72a266?pvs=21);Isola (https://www.notion.so/Isola-e75fd7d7fa144606849e2486d9a741fe?pvs=21);Alpe Borghetto;2;1895;RE, RI;sentiero, strada sterrata;pedonale, terra battuta;
Madesimo (https://www.notion.so/Madesimo-965dae81402942d184e9b9538c72a266?pvs=21);Isola (https://www.notion.so/Isola-e75fd7d7fa144606849e2486d9a741fe?pvs=21);Valle Dentro / Borzi;3;1746;;sentiero;pedonale, terra battuta;
Madesimo (https://www.notion.so/Madesimo-965dae81402942d184e9b9538c72a266?pvs=21);Isola (https://www.notion.so/Isola-e75fd7d7fa144606849e2486d9a741fe?pvs=21);Alpe Piani;3;2066;RE, RI;sentiero, strada sterrata;pedonale, terra battuta;
Madesimo (https://www.notion.so/Madesimo-965dae81402942d184e9b9538c72a266?pvs=21);Isola (https://www.notion.so/Isola-e75fd7d7fa144606849e2486d9a741fe?pvs=21);Alpe Laghetti;3;;RE, RI;sentiero, strada sterrata;pedonale, terra battuta;
Madesimo (https://www.notion.so/Madesimo-965dae81402942d184e9b9538c72a266?pvs=21);Isola (https://www.notion.so/Isola-e75fd7d7fa144606849e2486d9a741fe?pvs=21);Alpe Marci;3;1879;RE, RI;sentiero, strada sterrata;pedonale, terra battuta;
Madesimo (https://www.notion.so/Madesimo-965dae81402942d184e9b9538c72a266?pvs=21);;Ferre_1981;;;;;;
Madesimo (https://www.notion.so/Madesimo-965dae81402942d184e9b9538c72a266?pvs=21);;Suretta_1981;;;;;;
Madesimo (https://www.notion.so/Madesimo-965dae81402942d184e9b9538c72a266?pvs=21);;Laghi / Lago Montespluga_1951_1981;;;;;;
Madesimo (https://www.notion.so/Madesimo-965dae81402942d184e9b9538c72a266?pvs=21);;Pizzo Tambo_1951;;;;;;
Madesimo (https://www.notion.so/Madesimo-965dae81402942d184e9b9538c72a266?pvs=21);;Pizzo di Emet_1951;;;;;;
Madesimo (https://www.notion.so/Madesimo-965dae81402942d184e9b9538c72a266?pvs=21);Isola (https://www.notion.so/Isola-e75fd7d7fa144606849e2486d9a741fe?pvs=21);case sparse Isola_1951;;;;;;
Madesimo (https://www.notion.so/Madesimo-965dae81402942d184e9b9538c72a266?pvs=21);Pianazzo (https://www.notion.so/Pianazzo-9f9b9d1526c9467c9ae038e81542f120?pvs=21);case sparse Pianazzo_1951;;;;;;
Madesimo (https://www.notion.so/Madesimo-965dae81402942d184e9b9538c72a266?pvs=21);;case sparse MA_1991_01;;;;;;
Madesimo (https://www.notion.so/Madesimo-965dae81402942d184e9b9538c72a266?pvs=21);;case sparse MA_1991_02;;;;;;
Madesimo (https://www.notion.so/Madesimo-965dae81402942d184e9b9538c72a266?pvs=21);;case sparse MA_1991_03;;;;;;
Madesimo (https://www.notion.so/Madesimo-965dae81402942d184e9b9538c72a266?pvs=21);;case sparse MA_1991_04;;;;;;
Madesimo (https://www.notion.so/Madesimo-965dae81402942d184e9b9538c72a266?pvs=21);;case sparse MA_2001_2011;;;;;;
Madesimo (https://www.notion.so/Madesimo-965dae81402942d184e9b9538c72a266?pvs=21);Isola (https://www.notion.so/Isola-e75fd7d7fa144606849e2486d9a741fe?pvs=21);case sparse Isolato_1861;;;;;;
Campodolcino (https://www.notion.so/Campodolcino-588bd69db74f48b5bac1cf06486a603f?pvs=21);Campodolcino (https://www.notion.so/Campodolcino-3fe0740b771541769895f26ad77588e7?pvs=21);Campodolcino;1;1071;BT, ILL, P, RE, RI, RT;strada asfaltata;pavimentata, pedonale, veicolare;481
Campodolcino (https://www.notion.so/Campodolcino-588bd69db74f48b5bac1cf06486a603f?pvs=21);Portarezza (https://www.notion.so/Portarezza-75e1c612637a4ac4bf5030718a5d3a6a?pvs=21);Pietra;1;1062;ILL, RE, RI, RT;strada asfaltata;pavimentata, veicolare;80
Campodolcino (https://www.notion.so/Campodolcino-588bd69db74f48b5bac1cf06486a603f?pvs=21);Portarezza (https://www.notion.so/Portarezza-75e1c612637a4ac4bf5030718a5d3a6a?pvs=21);Prestone;1;1065;ILL, RE, RI, RT;strada asfaltata;pavimentata, veicolare;128
Campodolcino (https://www.notion.so/Campodolcino-588bd69db74f48b5bac1cf06486a603f?pvs=21);Portarezza (https://www.notion.so/Portarezza-75e1c612637a4ac4bf5030718a5d3a6a?pvs=21);Portarezza;3;1100;ILL, RE, RI, RT;strada asfaltata;;32
Campodolcino (https://www.notion.so/Campodolcino-588bd69db74f48b5bac1cf06486a603f?pvs=21);Fraciscio (https://www.notion.so/Fraciscio-31b6116ab8d74f17876c6b10d56ea92f?pvs=21);Fraciscio;2;1341;BT, ILL, RE, RI;strada asfaltata;pedonale, terra battuta;152
Campodolcino (https://www.notion.so/Campodolcino-588bd69db74f48b5bac1cf06486a603f?pvs=21);Starleggia (https://www.notion.so/Starleggia-2c4de700098e489297123369d97d3738?pvs=21);Starleggia;2;1572;ILL, RE, RI;strada asfaltata;pedonale, terra battuta;2
Campodolcino (https://www.notion.so/Campodolcino-588bd69db74f48b5bac1cf06486a603f?pvs=21);Motta (https://www.notion.so/Motta-11b7c49d99b1807b8945e85b66fa4cad?pvs=21);Motta di Sotto / Marcadello;2;1725;BT, ILL, P, RE, RI, RT;strada asfaltata;;48
Campodolcino (https://www.notion.so/Campodolcino-588bd69db74f48b5bac1cf06486a603f?pvs=21);Motta (https://www.notion.so/Motta-11b7c49d99b1807b8945e85b66fa4cad?pvs=21);Alpe Motta;3;1850;BT, ILL, RE, RI;strada asfaltata;pedonale, terra battuta, veicolare;
Campodolcino (https://www.notion.so/Campodolcino-588bd69db74f48b5bac1cf06486a603f?pvs=21);Portarezza (https://www.notion.so/Portarezza-75e1c612637a4ac4bf5030718a5d3a6a?pvs=21);Servizio di Sotto;3;1885;;sentiero;pedonale, terra battuta;
Campodolcino (https://www.notion.so/Campodolcino-588bd69db74f48b5bac1cf06486a603f?pvs=21);Portarezza (https://www.notion.so/Portarezza-75e1c612637a4ac4bf5030718a5d3a6a?pvs=21);Calvedro;3;1885;;sentiero;pedonale, terra battuta;
Campodolcino (https://www.notion.so/Campodolcino-588bd69db74f48b5bac1cf06486a603f?pvs=21);Portarezza (https://www.notion.so/Portarezza-75e1c612637a4ac4bf5030718a5d3a6a?pvs=21);Servizio di Sopra;3;1956;;sentiero;pedonale, terra battuta;
Campodolcino (https://www.notion.so/Campodolcino-588bd69db74f48b5bac1cf06486a603f?pvs=21);Campodolcino (https://www.notion.so/Campodolcino-3fe0740b771541769895f26ad77588e7?pvs=21);Bondeno di Dentro / Bondeno;2;1635;RE, RI;sentiero, strada sterrata;pedonale, terra battuta;
San Giacomo Filippo (https://www.notion.so/San-Giacomo-Filippo-4442b9bbbf894587be85a28aa25c1e2c?pvs=21);Vho (https://www.notion.so/Vho-641e79f2edbe4983bf1cb9a129aab7ca?pvs=21);Motta_np - Grigioni VHO;;;;;;
San Giacomo Filippo (https://www.notion.so/San-Giacomo-Filippo-4442b9bbbf894587be85a28aa25c1e2c?pvs=21);Vho (https://www.notion.so/Vho-641e79f2edbe4983bf1cb9a129aab7ca?pvs=21);Fontana Vho_NP;;;;;;
Campodolcino (https://www.notion.so/Campodolcino-588bd69db74f48b5bac1cf06486a603f?pvs=21);Campodolcino (https://www.notion.so/Campodolcino-3fe0740b771541769895f26ad77588e7?pvs=21);Alpe Fontana / Fontana;3;1483;;sentiero;pedonale, terra battuta;
Campodolcino (https://www.notion.so/Campodolcino-588bd69db74f48b5bac1cf06486a603f?pvs=21);Campodolcino (https://www.notion.so/Campodolcino-3fe0740b771541769895f26ad77588e7?pvs=21);Gualdera;2;1425;BT, ILL, P, RE, RI;strada asfaltata;pavimentata, pedonale, veicolare;4
Campodolcino (https://www.notion.so/Campodolcino-588bd69db74f48b5bac1cf06486a603f?pvs=21);Fraciscio (https://www.notion.so/Fraciscio-31b6116ab8d74f17876c6b10d56ea92f?pvs=21);Angeloga;3;2046;BT, P, RE, RI;sentiero;pedonale, terra battuta;
Campodolcino (https://www.notion.so/Campodolcino-588bd69db74f48b5bac1cf06486a603f?pvs=21);Campodolcino (https://www.notion.so/Campodolcino-3fe0740b771541769895f26ad77588e7?pvs=21);Alpe Mottala;2;1361;ILL, RE, RI, RT;strada asfaltata;pedonale, terra battuta, veicolare;
Campodolcino (https://www.notion.so/Campodolcino-588bd69db74f48b5bac1cf06486a603f?pvs=21);Campodolcino (https://www.notion.so/Campodolcino-3fe0740b771541769895f26ad77588e7?pvs=21);La Palù;3;;RE, RI;strada sterrata;pedonale, terra battuta, veicolare;
Campodolcino (https://www.notion.so/Campodolcino-588bd69db74f48b5bac1cf06486a603f?pvs=21);Campodolcino (https://www.notion.so/Campodolcino-3fe0740b771541769895f26ad77588e7?pvs=21);Alpe Calcagnolo;3;1751;;sentiero;pedonale, terra battuta;
Campodolcino (https://www.notion.so/Campodolcino-588bd69db74f48b5bac1cf06486a603f?pvs=21);Fraciscio (https://www.notion.so/Fraciscio-31b6116ab8d74f17876c6b10d56ea92f?pvs=21);Alpe Soste / Soste;3;1446;RE, RI;sentiero;pedonale, terra battuta;
Campodolcino (https://www.notion.so/Campodolcino-588bd69db74f48b5bac1cf06486a603f?pvs=21);Fraciscio (https://www.notion.so/Fraciscio-31b6116ab8d74f17876c6b10d56ea92f?pvs=21);Alpe Foppe;3;1718;RE, RI;sentiero, strada sterrata;pedonale, terra battuta;
Campodolcino (https://www.notion.so/Campodolcino-588bd69db74f48b5bac1cf06486a603f?pvs=21);Campodolcino (https://www.notion.so/Campodolcino-3fe0740b771541769895f26ad77588e7?pvs=21);Pian di Lanzo;3;1570;;sentiero;pedonale, terra battuta;
Campodolcino (https://www.notion.so/Campodolcino-588bd69db74f48b5bac1cf06486a603f?pvs=21);Fraciscio (https://www.notion.so/Fraciscio-31b6116ab8d74f17876c6b10d56ea92f?pvs=21);Pianelli;3;1732;;;;
Campodolcino (https://www.notion.so/Campodolcino-588bd69db74f48b5bac1cf06486a603f?pvs=21);Fraciscio (https://www.notion.so/Fraciscio-31b6116ab8d74f17876c6b10d56ea92f?pvs=21);Monte - Monte Avo;3;;RE, RI;sentiero, strada sterrata;pedonale, terra battuta;
Campodolcino (https://www.notion.so/Campodolcino-588bd69db74f48b5bac1cf06486a603f?pvs=21);Portarezza (https://www.notion.so/Portarezza-75e1c612637a4ac4bf5030718a5d3a6a?pvs=21);Alpe Zanone;3;;;sentiero;pedonale, terra battuta;
Campodolcino (https://www.notion.so/Campodolcino-588bd69db74f48b5bac1cf06486a603f?pvs=21);Portarezza (https://www.notion.so/Portarezza-75e1c612637a4ac4bf5030718a5d3a6a?pvs=21);Motto di Servizio;3;;;sentiero;pedonale, terra battuta;
Campodolcino (https://www.notion.so/Campodolcino-588bd69db74f48b5bac1cf06486a603f?pvs=21);Starleggia (https://www.notion.so/Starleggia-2c4de700098e489297123369d97d3738?pvs=21);Ca di Lucc;2;1475;ILL, RE, RI;strada asfaltata;pedonale, terra battuta;1
Campodolcino (https://www.notion.so/Campodolcino-588bd69db74f48b5bac1cf06486a603f?pvs=21);Starleggia (https://www.notion.so/Starleggia-2c4de700098e489297123369d97d3738?pvs=21);San Sisto;3;1769;RE, RI;sentiero, strada sterrata;pedonale, terra battuta;
Campodolcino (https://www.notion.so/Campodolcino-588bd69db74f48b5bac1cf06486a603f?pvs=21);Starleggia (https://www.notion.so/Starleggia-2c4de700098e489297123369d97d3738?pvs=21);Splughetta;2;1361;ILL, RE, RI;strada asfaltata;pedonale, terra battuta;1
Campodolcino (https://www.notion.so/Campodolcino-588bd69db74f48b5bac1cf06486a603f?pvs=21);Starleggia (https://www.notion.so/Starleggia-2c4de700098e489297123369d97d3738?pvs=21);Alpe Toiana;3;1900;RI;sentiero;pedonale, terra battuta;
Campodolcino (https://www.notion.so/Campodolcino-588bd69db74f48b5bac1cf06486a603f?pvs=21);Starleggia (https://www.notion.so/Starleggia-2c4de700098e489297123369d97d3738?pvs=21);Alpe Zoccana;3;2000;RI;sentiero;pedonale, terra battuta;
Campodolcino (https://www.notion.so/Campodolcino-588bd69db74f48b5bac1cf06486a603f?pvs=21);Starleggia (https://www.notion.so/Starleggia-2c4de700098e489297123369d97d3738?pvs=21);Alpe Bocci;3;1730;RI;sentiero, strada sterrata;pedonale, terra battuta;
Campodolcino (https://www.notion.so/Campodolcino-588bd69db74f48b5bac1cf06486a603f?pvs=21);Starleggia (https://www.notion.so/Starleggia-2c4de700098e489297123369d97d3738?pvs=21);Alpe Fornat;3;1874;RI;sentiero;pedonale, terra battuta;
Campodolcino (https://www.notion.so/Campodolcino-588bd69db74f48b5bac1cf06486a603f?pvs=21);Starleggia (https://www.notion.so/Starleggia-2c4de700098e489297123369d97d3738?pvs=21);Alpe Gusone;3;1923;RI;sentiero;pedonale, terra battuta;
Campodolcino (https://www.notion.so/Campodolcino-588bd69db74f48b5bac1cf06486a603f?pvs=21);Starleggia (https://www.notion.so/Starleggia-2c4de700098e489297123369d97d3738?pvs=21);Alpe Morone;3;1815;RI;sentiero;pedonale, terra battuta;
Campodolcino (https://www.notion.so/Campodolcino-588bd69db74f48b5bac1cf06486a603f?pvs=21);Starleggia (https://www.notion.so/Starleggia-2c4de700098e489297123369d97d3738?pvs=21);Alpe Ca Togni / Bondioo;3;1855;BT, RI;sentiero;pedonale, terra battuta;
Campodolcino (https://www.notion.so/Campodolcino-588bd69db74f48b5bac1cf06486a603f?pvs=21);Starleggia (https://www.notion.so/Starleggia-2c4de700098e489297123369d97d3738?pvs=21);Alpe Cort Sora;3;1858;RI;sentiero;pedonale, terra battuta;
Campodolcino (https://www.notion.so/Campodolcino-588bd69db74f48b5bac1cf06486a603f?pvs=21);Campodolcino (https://www.notion.so/Campodolcino-3fe0740b771541769895f26ad77588e7?pvs=21);Chiesa e casa parrocchiale_1861;;;;;;
Campodolcino (https://www.notion.so/Campodolcino-588bd69db74f48b5bac1cf06486a603f?pvs=21);;Pizzo Quadro_1951;;;;;;
Campodolcino (https://www.notion.so/Campodolcino-588bd69db74f48b5bac1cf06486a603f?pvs=21);;Pizzo Stella CP_1951;;;;;;
Campodolcino (https://www.notion.so/Campodolcino-588bd69db74f48b5bac1cf06486a603f?pvs=21);Starleggia (https://www.notion.so/Starleggia-2c4de700098e489297123369d97d3738?pvs=21);case sparse Starleggia_1981;;;;;;
Campodolcino (https://www.notion.so/Campodolcino-588bd69db74f48b5bac1cf06486a603f?pvs=21);;case sparse CP_1991_01;;;;;;
Campodolcino (https://www.notion.so/Campodolcino-588bd69db74f48b5bac1cf06486a603f?pvs=21);;case sparse CP_1991_02;;;;;;
Campodolcino (https://www.notion.so/Campodolcino-588bd69db74f48b5bac1cf06486a603f?pvs=21);;case sparse CP_1991_03;;;;;;
Campodolcino (https://www.notion.so/Campodolcino-588bd69db74f48b5bac1cf06486a603f?pvs=21);;case sparse Campodolcino_1861_1951_2001_2011;;;;;;
San Giacomo Filippo (https://www.notion.so/San-Giacomo-Filippo-4442b9bbbf894587be85a28aa25c1e2c?pvs=21);San Bernardo (https://www.notion.so/San-Bernardo-026e9f633635428bae3ee14694a74cd8?pvs=21);San Rocco / Scannabecco;2;1242;ILL, RE, RI;sentiero, strada asfaltata;acciottolato a coltello con traversine trasversali, pedonale, terra battuta;4
San Giacomo Filippo (https://www.notion.so/San-Giacomo-Filippo-4442b9bbbf894587be85a28aa25c1e2c?pvs=21);San Bernardo (https://www.notion.so/San-Bernardo-026e9f633635428bae3ee14694a74cd8?pvs=21);Ca di Guzz e Ca di Ratt;3;1294;RI;sentiero;acciottolato a coltello con traversine trasversali, pedonale, terra battuta;
San Giacomo Filippo (https://www.notion.so/San-Giacomo-Filippo-4442b9bbbf894587be85a28aa25c1e2c?pvs=21);San Bernardo (https://www.notion.so/San-Bernardo-026e9f633635428bae3ee14694a74cd8?pvs=21);Sant’Antonio / Drogo;3;1200;RI;sentiero, strada asfaltata;acciottolato a coltello con traversine trasversali, pedonale, terra battuta;
San Giacomo Filippo (https://www.notion.so/San-Giacomo-Filippo-4442b9bbbf894587be85a28aa25c1e2c?pvs=21);San Bernardo (https://www.notion.so/San-Bernardo-026e9f633635428bae3ee14694a74cd8?pvs=21);Alpe Prosto;3;1690;;sentiero;pedonale, terra battuta;
San Giacomo Filippo (https://www.notion.so/San-Giacomo-Filippo-4442b9bbbf894587be85a28aa25c1e2c?pvs=21);San Bernardo (https://www.notion.so/San-Bernardo-026e9f633635428bae3ee14694a74cd8?pvs=21);Truzzo;3;2100;;sentiero;pedonale, terra battuta;
San Giacomo Filippo (https://www.notion.so/San-Giacomo-Filippo-4442b9bbbf894587be85a28aa25c1e2c?pvs=21);San Bernardo (https://www.notion.so/San-Bernardo-026e9f633635428bae3ee14694a74cd8?pvs=21);Sambuco;3;1400;;sentiero;pedonale, terra battuta;
San Giacomo Filippo (https://www.notion.so/San-Giacomo-Filippo-4442b9bbbf894587be85a28aa25c1e2c?pvs=21);San Bernardo (https://www.notion.so/San-Bernardo-026e9f633635428bae3ee14694a74cd8?pvs=21);Alpe Ambiazedo;3;1360;;sentiero;pedonale, terra battuta;
San Giacomo Filippo (https://www.notion.so/San-Giacomo-Filippo-4442b9bbbf894587be85a28aa25c1e2c?pvs=21);San Bernardo (https://www.notion.so/San-Bernardo-026e9f633635428bae3ee14694a74cd8?pvs=21);Alpe Cornera;3;1900;;sentiero;pedonale, terra battuta;
San Giacomo Filippo (https://www.notion.so/San-Giacomo-Filippo-4442b9bbbf894587be85a28aa25c1e2c?pvs=21);San Bernardo (https://www.notion.so/San-Bernardo-026e9f633635428bae3ee14694a74cd8?pvs=21);Filigheccio;3;1133;;sentiero;pedonale, terra battuta;
San Giacomo Filippo (https://www.notion.so/San-Giacomo-Filippo-4442b9bbbf894587be85a28aa25c1e2c?pvs=21);San Bernardo (https://www.notion.so/San-Bernardo-026e9f633635428bae3ee14694a74cd8?pvs=21);Roncascio;3;1150;;sentiero;pedonale, terra battuta;
San Giacomo Filippo (https://www.notion.so/San-Giacomo-Filippo-4442b9bbbf894587be85a28aa25c1e2c?pvs=21);San Bernardo (https://www.notion.so/San-Bernardo-026e9f633635428bae3ee14694a74cd8?pvs=21);Vallesegna;3;650;;sentiero;acciottolato a coltello con traversine trasversali, pedonale, terra battuta;
San Giacomo Filippo (https://www.notion.so/San-Giacomo-Filippo-4442b9bbbf894587be85a28aa25c1e2c?pvs=21);Sommarovina (https://www.notion.so/Sommarovina-0baad02d2acf40fea6532e11d2ad5f28?pvs=21);Alpe Fracadiscio;3;1250;;sentiero;pedonale, terra battuta;
San Giacomo Filippo (https://www.notion.so/San-Giacomo-Filippo-4442b9bbbf894587be85a28aa25c1e2c?pvs=21);Sommarovina (https://www.notion.so/Sommarovina-0baad02d2acf40fea6532e11d2ad5f28?pvs=21);Sommarovina;1;956;RE, RI;sentiero, strada sterrata;acciottolato a coltello con traversine trasversali, pedonale, piode, terra battuta;
San Giacomo Filippo (https://www.notion.so/San-Giacomo-Filippo-4442b9bbbf894587be85a28aa25c1e2c?pvs=21);Sommarovina (https://www.notion.so/Sommarovina-0baad02d2acf40fea6532e11d2ad5f28?pvs=21);Alpe Fontana;3;1000;RE, RI;sentiero, strada sterrata;pedonale, terra battuta;
San Giacomo Filippo (https://www.notion.so/San-Giacomo-Filippo-4442b9bbbf894587be85a28aa25c1e2c?pvs=21);Sommarovina (https://www.notion.so/Sommarovina-0baad02d2acf40fea6532e11d2ad5f28?pvs=21);Alpe Calones;3;1407;RI;sentiero, strada sterrata;pedonale, terra battuta;
San Giacomo Filippo (https://www.notion.so/San-Giacomo-Filippo-4442b9bbbf894587be85a28aa25c1e2c?pvs=21);Sommarovina (https://www.notion.so/Sommarovina-0baad02d2acf40fea6532e11d2ad5f28?pvs=21);Tecciali / Tecciato;2;1045;RE, RI;sentiero;acciottolato a coltello con traversine trasversali, pedonale, piode, terra battuta;
San Giacomo Filippo (https://www.notion.so/San-Giacomo-Filippo-4442b9bbbf894587be85a28aa25c1e2c?pvs=21);Sommarovina (https://www.notion.so/Sommarovina-0baad02d2acf40fea6532e11d2ad5f28?pvs=21);Scarpatecchio;3;604;;mulattiera;pedonale, terra battuta;
San Giacomo Filippo (https://www.notion.so/San-Giacomo-Filippo-4442b9bbbf894587be85a28aa25c1e2c?pvs=21);San Giacomo Filippo (https://www.notion.so/San-Giacomo-Filippo-e18092e4bc0948ceb4db7f57c981a030?pvs=21);San Giacomo Filippo;1;522;ILL, RE, RI, RT;strada asfaltata;pavimentata, pedonale, veicolare;195
San Giacomo Filippo (https://www.notion.so/San-Giacomo-Filippo-4442b9bbbf894587be85a28aa25c1e2c?pvs=21);San Giacomo Filippo (https://www.notion.so/San-Giacomo-Filippo-e18092e4bc0948ceb4db7f57c981a030?pvs=21);Uggia;3;700;ILL, RE, RI, RT;sentiero, strada asfaltata;pedonale, piode, terra battuta;8
San Giacomo Filippo (https://www.notion.so/San-Giacomo-Filippo-4442b9bbbf894587be85a28aa25c1e2c?pvs=21);San Giacomo Filippo (https://www.notion.so/San-Giacomo-Filippo-e18092e4bc0948ceb4db7f57c981a030?pvs=21);Dalo;2;647;RE, RI;sentiero, strada asfaltata;pedonale, piode, terra battuta;
San Giacomo Filippo (https://www.notion.so/San-Giacomo-Filippo-4442b9bbbf894587be85a28aa25c1e2c?pvs=21);San Giacomo Filippo (https://www.notion.so/San-Giacomo-Filippo-e18092e4bc0948ceb4db7f57c981a030?pvs=21);Lagunc;3;1348;RE, RI;sentiero, strada asfaltata;pedonale, piode, terra battuta;
San Giacomo Filippo (https://www.notion.so/San-Giacomo-Filippo-4442b9bbbf894587be85a28aa25c1e2c?pvs=21);San Giacomo Filippo (https://www.notion.so/San-Giacomo-Filippo-e18092e4bc0948ceb4db7f57c981a030?pvs=21);Gualdo;;;;sentiero;;
San Giacomo Filippo (https://www.notion.so/San-Giacomo-Filippo-4442b9bbbf894587be85a28aa25c1e2c?pvs=21);San Giacomo Filippo (https://www.notion.so/San-Giacomo-Filippo-e18092e4bc0948ceb4db7f57c981a030?pvs=21);Motta San Guglielmo;2;590;ILL, RE, RI, RT;strada asfaltata;pavimentata, pedonale, terra battuta;74
San Giacomo Filippo (https://www.notion.so/San-Giacomo-Filippo-4442b9bbbf894587be85a28aa25c1e2c?pvs=21);San Giacomo Filippo (https://www.notion.so/San-Giacomo-Filippo-e18092e4bc0948ceb4db7f57c981a030?pvs=21);Alpe Crespallo;3;1935;;sentiero;pedonale, piode, terra battuta;
San Giacomo Filippo (https://www.notion.so/San-Giacomo-Filippo-4442b9bbbf894587be85a28aa25c1e2c?pvs=21);San Giacomo Filippo (https://www.notion.so/San-Giacomo-Filippo-e18092e4bc0948ceb4db7f57c981a030?pvs=21);Alpe Olcera;3;1500;;sentiero;pedonale, piode, terra battuta;
San Giacomo Filippo (https://www.notion.so/San-Giacomo-Filippo-4442b9bbbf894587be85a28aa25c1e2c?pvs=21);San Giacomo Filippo (https://www.notion.so/San-Giacomo-Filippo-e18092e4bc0948ceb4db7f57c981a030?pvs=21);Ca di Braga;3;1020;RE, RI;sentiero, strada sterrata;pedonale, terra battuta;
San Giacomo Filippo (https://www.notion.so/San-Giacomo-Filippo-4442b9bbbf894587be85a28aa25c1e2c?pvs=21);Sant'Antonio di Albareda (https://www.notion.so/Sant-Antonio-di-Albareda-b618e2cef2014c2f83e17847b229f44e?pvs=21);Coda;3;1165;RE, RI;sentiero, strada asfaltata;pedonale, terra battuta;
San Giacomo Filippo (https://www.notion.so/San-Giacomo-Filippo-4442b9bbbf894587be85a28aa25c1e2c?pvs=21);Sant'Antonio di Albareda (https://www.notion.so/Sant-Antonio-di-Albareda-b618e2cef2014c2f83e17847b229f44e?pvs=21);Saraia;3;1165;RE, RI;sentiero, strada asfaltata;pedonale, piode, terra battuta;
San Giacomo Filippo (https://www.notion.so/San-Giacomo-Filippo-4442b9bbbf894587be85a28aa25c1e2c?pvs=21);Sommarovina (https://www.notion.so/Sommarovina-0baad02d2acf40fea6532e11d2ad5f28?pvs=21);Alpe Ansiedee;3;550;;sentiero;pedonale, terra battuta;
San Giacomo Filippo (https://www.notion.so/San-Giacomo-Filippo-4442b9bbbf894587be85a28aa25c1e2c?pvs=21);Sant'Antonio di Albareda (https://www.notion.so/Sant-Antonio-di-Albareda-b618e2cef2014c2f83e17847b229f44e?pvs=21);Alpe Malona;3;1000;RE, RI;sentiero, strada sterrata;pedonale, terra battuta;
San Giacomo Filippo (https://www.notion.so/San-Giacomo-Filippo-4442b9bbbf894587be85a28aa25c1e2c?pvs=21);Sant'Antonio di Albareda (https://www.notion.so/Sant-Antonio-di-Albareda-b618e2cef2014c2f83e17847b229f44e?pvs=21);Alpe Cassinella;3;1165;RE, RI;sentiero, strada asfaltata;pedonale, terra battuta;
San Giacomo Filippo (https://www.notion.so/San-Giacomo-Filippo-4442b9bbbf894587be85a28aa25c1e2c?pvs=21);Sommarovina (https://www.notion.so/Sommarovina-0baad02d2acf40fea6532e11d2ad5f28?pvs=21);Tettavacca;3;420;;sentiero;pedonale, terra battuta;
San Giacomo Filippo (https://www.notion.so/San-Giacomo-Filippo-4442b9bbbf894587be85a28aa25c1e2c?pvs=21);Sommarovina (https://www.notion.so/Sommarovina-0baad02d2acf40fea6532e11d2ad5f28?pvs=21);Alpe Carlino;;;RI;sentiero, strada sterrata;pedonale, terra battuta;
San Giacomo Filippo (https://www.notion.so/San-Giacomo-Filippo-4442b9bbbf894587be85a28aa25c1e2c?pvs=21);Sant'Antonio di Albareda (https://www.notion.so/Sant-Antonio-di-Albareda-b618e2cef2014c2f83e17847b229f44e?pvs=21);Sant’Antonio di Albareda;1;833;RE, RI;sentiero, strada asfaltata;acciottolato a coltello con traversine trasversali, pedonale, piode, terra battuta;5
San Giacomo Filippo (https://www.notion.so/San-Giacomo-Filippo-4442b9bbbf894587be85a28aa25c1e2c?pvs=21);Sant'Antonio di Albareda (https://www.notion.so/Sant-Antonio-di-Albareda-b618e2cef2014c2f83e17847b229f44e?pvs=21);Prato Morello;;;RE, RI;sentiero, strada asfaltata;pedonale, terra battuta;
San Giacomo Filippo (https://www.notion.so/San-Giacomo-Filippo-4442b9bbbf894587be85a28aa25c1e2c?pvs=21);Vho (https://www.notion.so/Vho-641e79f2edbe4983bf1cb9a129aab7ca?pvs=21);Bondeno di Fuori;3;1635;RE, RI;sentiero, strada sterrata;pedonale, piode, terra battuta;
San Giacomo Filippo (https://www.notion.so/San-Giacomo-Filippo-4442b9bbbf894587be85a28aa25c1e2c?pvs=21);Vho (https://www.notion.so/Vho-641e79f2edbe4983bf1cb9a129aab7ca?pvs=21);Alpe Viziola;3;1820;;sentiero;pedonale, terra battuta;
San Giacomo Filippo (https://www.notion.so/San-Giacomo-Filippo-4442b9bbbf894587be85a28aa25c1e2c?pvs=21);Vho (https://www.notion.so/Vho-641e79f2edbe4983bf1cb9a129aab7ca?pvs=21);Alpe Cassina;3;1700;;;;
San Giacomo Filippo (https://www.notion.so/San-Giacomo-Filippo-4442b9bbbf894587be85a28aa25c1e2c?pvs=21);Vho (https://www.notion.so/Vho-641e79f2edbe4983bf1cb9a129aab7ca?pvs=21);Alpe Peloso;3;1500;;;;
San Giacomo Filippo (https://www.notion.so/San-Giacomo-Filippo-4442b9bbbf894587be85a28aa25c1e2c?pvs=21);Vho (https://www.notion.so/Vho-641e79f2edbe4983bf1cb9a129aab7ca?pvs=21);Alpe Preda;3;1840;;;;
San Giacomo Filippo (https://www.notion.so/San-Giacomo-Filippo-4442b9bbbf894587be85a28aa25c1e2c?pvs=21);Vho (https://www.notion.so/Vho-641e79f2edbe4983bf1cb9a129aab7ca?pvs=21);Vho;3;924;ILL, RE, RI, RT;strada asfaltata;pedonale, terra battuta, veicolare;2
San Giacomo Filippo (https://www.notion.so/San-Giacomo-Filippo-4442b9bbbf894587be85a28aa25c1e2c?pvs=21);Vho (https://www.notion.so/Vho-641e79f2edbe4983bf1cb9a129aab7ca?pvs=21);Alpe Tecchi;3;1400;;sentiero;pedonale, terra battuta;
Chiavenna (https://www.notion.so/Chiavenna-0a208f1ee6334934bdcb6c582d9e2a15?pvs=21);;Chiavenna;;;;;;
Chiavenna (https://www.notion.so/Chiavenna-0a208f1ee6334934bdcb6c582d9e2a15?pvs=21);;Campedello;;;;;;
Chiavenna (https://www.notion.so/Chiavenna-0a208f1ee6334934bdcb6c582d9e2a15?pvs=21);;S Carlo;;;;;;
Chiavenna (https://www.notion.so/Chiavenna-0a208f1ee6334934bdcb6c582d9e2a15?pvs=21);;S Giovanni;;;;;;
Chiavenna (https://www.notion.so/Chiavenna-0a208f1ee6334934bdcb6c582d9e2a15?pvs=21);;Pianazzola;;;;;;
Chiavenna (https://www.notion.so/Chiavenna-0a208f1ee6334934bdcb6c582d9e2a15?pvs=21);;Bette;;;;;;
Chiavenna (https://www.notion.so/Chiavenna-0a208f1ee6334934bdcb6c582d9e2a15?pvs=21);;Uschione;;;;;;
Chiavenna (https://www.notion.so/Chiavenna-0a208f1ee6334934bdcb6c582d9e2a15?pvs=21);;Campello;;;;;;
Chiavenna (https://www.notion.so/Chiavenna-0a208f1ee6334934bdcb6c582d9e2a15?pvs=21);;Loreto;;;;;;
Gordona (https://www.notion.so/Gordona-232ecdffea2843e88b7b8424258e707f?pvs=21);;Gordona;;;;;;
Gordona (https://www.notion.so/Gordona-232ecdffea2843e88b7b8424258e707f?pvs=21);;Gasparoni;;;;;;
Gordona (https://www.notion.so/Gordona-232ecdffea2843e88b7b8424258e707f?pvs=21);;Coloredo;;;;;;
Gordona (https://www.notion.so/Gordona-232ecdffea2843e88b7b8424258e707f?pvs=21);;Mondadizza;;;;;;
Menarola (https://www.notion.so/Menarola-94123965fee94a9bad19784a7697d724?pvs=21);;Voga;;;;;;
Menarola (https://www.notion.so/Menarola-94123965fee94a9bad19784a7697d724?pvs=21);;Foppo;;;;;;
Menarola (https://www.notion.so/Menarola-94123965fee94a9bad19784a7697d724?pvs=21);;Castenedi;;;;;;
Menarola (https://www.notion.so/Menarola-94123965fee94a9bad19784a7697d724?pvs=21);;Gradesella;;;;;;
Menarola (https://www.notion.so/Menarola-94123965fee94a9bad19784a7697d724?pvs=21);;Bortolotto;;;;;;
Mese (https://www.notion.so/Mese-cc7fcc078e394bc895bd367f637beb3d?pvs=21);;S Vittore;;;;;;
Mese (https://www.notion.so/Mese-cc7fcc078e394bc895bd367f637beb3d?pvs=21);;Piatti;;;;;;
San Giacomo Filippo (https://www.notion.so/San-Giacomo-Filippo-4442b9bbbf894587be85a28aa25c1e2c?pvs=21);Sommarovina (https://www.notion.so/Sommarovina-0baad02d2acf40fea6532e11d2ad5f28?pvs=21);Crotti di Scandolera;;;RE, RI;sentiero, strada sterrata;pedonale, terra battuta;
Mese (https://www.notion.so/Mese-cc7fcc078e394bc895bd367f637beb3d?pvs=21);;Madonna delle Grazie / Peverello;;;;;;
Mese (https://www.notion.so/Mese-cc7fcc078e394bc895bd367f637beb3d?pvs=21);;Castrona;;;;;;
Mese (https://www.notion.so/Mese-cc7fcc078e394bc895bd367f637beb3d?pvs=21);;S Mamete;;;;;;
Prata Camportaccio (https://www.notion.so/Prata-Camportaccio-0d1eb1359aef447495ccd26ded9968e8?pvs=21);;Prata;;;;;;
Prata Camportaccio (https://www.notion.so/Prata-Camportaccio-0d1eb1359aef447495ccd26ded9968e8?pvs=21);;Lottano;;;;;;
Prata Camportaccio (https://www.notion.so/Prata-Camportaccio-0d1eb1359aef447495ccd26ded9968e8?pvs=21);;Tanno;;;;;;
Prata Camportaccio (https://www.notion.so/Prata-Camportaccio-0d1eb1359aef447495ccd26ded9968e8?pvs=21);;Antica Osteria Pizzo;;;;;;
Prata Camportaccio (https://www.notion.so/Prata-Camportaccio-0d1eb1359aef447495ccd26ded9968e8?pvs=21);;Cascina del Curto;;;;;;
Prata Camportaccio (https://www.notion.so/Prata-Camportaccio-0d1eb1359aef447495ccd26ded9968e8?pvs=21);;Malaguardia;;;;;;
Prata Camportaccio (https://www.notion.so/Prata-Camportaccio-0d1eb1359aef447495ccd26ded9968e8?pvs=21);;Porettina;;;;;;
Prata Camportaccio (https://www.notion.so/Prata-Camportaccio-0d1eb1359aef447495ccd26ded9968e8?pvs=21);;S Cristoforo;;;;;;
Samolaco (https://www.notion.so/Samolaco-8fd0925aa0a2408292ac6d9755e22761?pvs=21);;S Pietro;;;;;;
Samolaco (https://www.notion.so/Samolaco-8fd0925aa0a2408292ac6d9755e22761?pvs=21);;Overina;;;;;;
Samolaco (https://www.notion.so/Samolaco-8fd0925aa0a2408292ac6d9755e22761?pvs=21);;Monastero;;;;;;
Samolaco (https://www.notion.so/Samolaco-8fd0925aa0a2408292ac6d9755e22761?pvs=21);;Pedemonte;;;;;;
Samolaco (https://www.notion.so/Samolaco-8fd0925aa0a2408292ac6d9755e22761?pvs=21);;Era / S Andrea;;;;;;
Samolaco (https://www.notion.so/Samolaco-8fd0925aa0a2408292ac6d9755e22761?pvs=21);;Fontanedo;;;;;;
Samolaco (https://www.notion.so/Samolaco-8fd0925aa0a2408292ac6d9755e22761?pvs=21);;Montenuovo;;;;;;
Samolaco (https://www.notion.so/Samolaco-8fd0925aa0a2408292ac6d9755e22761?pvs=21);;Nogaredo;;;;;;
Samolaco (https://www.notion.so/Samolaco-8fd0925aa0a2408292ac6d9755e22761?pvs=21);;Paiedo;;;;;;
Samolaco (https://www.notion.so/Samolaco-8fd0925aa0a2408292ac6d9755e22761?pvs=21);;Casenda;;;;;;
Samolaco (https://www.notion.so/Samolaco-8fd0925aa0a2408292ac6d9755e22761?pvs=21);;Ronco;;;;;;
Samolaco (https://www.notion.so/Samolaco-8fd0925aa0a2408292ac6d9755e22761?pvs=21);;Vigazzolo;;;;;;
Samolaco (https://www.notion.so/Samolaco-8fd0925aa0a2408292ac6d9755e22761?pvs=21);;Somaggia;;;;;;
Samolaco (https://www.notion.so/Samolaco-8fd0925aa0a2408292ac6d9755e22761?pvs=21);;Giumello;;;;;;
Novate Mezzola (https://www.notion.so/Novate-Mezzola-a2b352fb0d07487cb22ffad258c4e766?pvs=21);;Novate Mezzola;;;;;;
Novate Mezzola (https://www.notion.so/Novate-Mezzola-a2b352fb0d07487cb22ffad258c4e766?pvs=21);;Campo;;;;;;
Novate Mezzola (https://www.notion.so/Novate-Mezzola-a2b352fb0d07487cb22ffad258c4e766?pvs=21);;Codera;;;;;;
Novate Mezzola (https://www.notion.so/Novate-Mezzola-a2b352fb0d07487cb22ffad258c4e766?pvs=21);;Avedee;;;;;;
Novate Mezzola (https://www.notion.so/Novate-Mezzola-a2b352fb0d07487cb22ffad258c4e766?pvs=21);;S Giorgio;;;;;;
Novate Mezzola (https://www.notion.so/Novate-Mezzola-a2b352fb0d07487cb22ffad258c4e766?pvs=21);;Cola;;;;;;
Verceia (https://www.notion.so/Verceia-f622dc3b55e7451abebca40085f23e45?pvs=21);;Verceia;;;;;;
Verceia (https://www.notion.so/Verceia-f622dc3b55e7451abebca40085f23e45?pvs=21);;Casten;;;;;;
Verceia (https://www.notion.so/Verceia-f622dc3b55e7451abebca40085f23e45?pvs=21);;Frasnedo;;;;;;
Verceia (https://www.notion.so/Verceia-f622dc3b55e7451abebca40085f23e45?pvs=21);;Vico;;;;;;
Piuro (https://www.notion.so/Piuro-198ac9109da344c6bcc90d755170b975?pvs=21);;Prosto;;;;;;
Piuro (https://www.notion.so/Piuro-198ac9109da344c6bcc90d755170b975?pvs=21);;S Abbondio;;;;;;
Piuro (https://www.notion.so/Piuro-198ac9109da344c6bcc90d755170b975?pvs=21);;S Croce;;;;;;
Piuro (https://www.notion.so/Piuro-198ac9109da344c6bcc90d755170b975?pvs=21);;Savogno;;;;;;
Piuro (https://www.notion.so/Piuro-198ac9109da344c6bcc90d755170b975?pvs=21);;Cranna;;;;;;
Piuro (https://www.notion.so/Piuro-198ac9109da344c6bcc90d755170b975?pvs=21);;Dasile;;;;;;
Villa di Chiavenna (https://www.notion.so/Villa-di-Chiavenna-4a8dcbb56a96424487dfa1fe612d9f71?pvs=21);;Villa di Chiavenna;;;;;;
Villa di Chiavenna (https://www.notion.so/Villa-di-Chiavenna-4a8dcbb56a96424487dfa1fe612d9f71?pvs=21);;Ca Scattoni;;;;;;
Villa di Chiavenna (https://www.notion.so/Villa-di-Chiavenna-4a8dcbb56a96424487dfa1fe612d9f71?pvs=21);;S Barnaba;;;;;;
Villa di Chiavenna (https://www.notion.so/Villa-di-Chiavenna-4a8dcbb56a96424487dfa1fe612d9f71?pvs=21);;Canete;;;;;;
Villa di Chiavenna (https://www.notion.so/Villa-di-Chiavenna-4a8dcbb56a96424487dfa1fe612d9f71?pvs=21);;Chete;;;;;;
Villa di Chiavenna (https://www.notion.so/Villa-di-Chiavenna-4a8dcbb56a96424487dfa1fe612d9f71?pvs=21);;Giavera;;;;;;
Villa di Chiavenna (https://www.notion.so/Villa-di-Chiavenna-4a8dcbb56a96424487dfa1fe612d9f71?pvs=21);;Ponteggia;;;;;;
Campodolcino (https://www.notion.so/Campodolcino-588bd69db74f48b5bac1cf06486a603f?pvs=21);Starleggia (https://www.notion.so/Starleggia-2c4de700098e489297123369d97d3738?pvs=21);Sasso Marcio;3;;;sentiero;pedonale, terra battuta;
San Giacomo Filippo (https://www.notion.so/San-Giacomo-Filippo-4442b9bbbf894587be85a28aa25c1e2c?pvs=21);Sant'Antonio di Albareda (https://www.notion.so/Sant-Antonio-di-Albareda-b618e2cef2014c2f83e17847b229f44e?pvs=21);Cigolino;;;RE, RI;sentiero, strada asfaltata;pedonale, terra battuta;
San Giacomo Filippo (https://www.notion.so/San-Giacomo-Filippo-4442b9bbbf894587be85a28aa25c1e2c?pvs=21);Sant'Antonio di Albareda (https://www.notion.so/Sant-Antonio-di-Albareda-b618e2cef2014c2f83e17847b229f44e?pvs=21);Mondadiscio;;;;;pedonale, terra battuta;
Madesimo (https://www.notion.so/Madesimo-965dae81402942d184e9b9538c72a266?pvs=21);Madesimo (https://www.notion.so/Madesimo-148216101dc048a7a38cad70d4a4a2a4?pvs=21);Gianera;;;ILL, RE, RI;strada asfaltata;veicolare;
Madesimo (https://www.notion.so/Madesimo-965dae81402942d184e9b9538c72a266?pvs=21);Isola (https://www.notion.so/Isola-e75fd7d7fa144606849e2486d9a741fe?pvs=21);Alpe Porteglia;;;;;;
Villa di Chiavenna (https://www.notion.so/Villa-di-Chiavenna-4a8dcbb56a96424487dfa1fe612d9f71?pvs=21);;Dogana;;;;;;
Piuro (https://www.notion.so/Piuro-198ac9109da344c6bcc90d755170b975?pvs=21);;Borgonuovo;;;;;;
Mese (https://www.notion.so/Mese-cc7fcc078e394bc895bd367f637beb3d?pvs=21);;Scandolera;;;;;;
San Giacomo Filippo (https://www.notion.so/San-Giacomo-Filippo-4442b9bbbf894587be85a28aa25c1e2c?pvs=21);San Bernardo (https://www.notion.so/San-Bernardo-026e9f633635428bae3ee14694a74cd8?pvs=21);Martinone;;;;;;